1440100372083,11,Print Test Started,200,OK,Test Started 1-1,text,true,0,1,1,0
1440100375064,5,Print Creating Users,200,OK,Create Users 2-1,text,true,0,1,1,0
1440100375109,92,Log in,200,OK,Create Users 2-1,text,true,39326,1,1,83
1440100375207,11,Admin Console,200,OK,Create Users 2-1,text,true,38931,1,1,9
1440100375220,4,authentication,401,Unauthorized,Create Users 2-1,,false,207,1,1,4
1440100395220,1,Log out,401,Unauthorized,Create Users 2-1,,true,387,1,1,1
1440100407468,5,Print Test Loops Info,200,OK,For each user - Log in - Create Site - Upload Document - Searches - Log out 3-1,text,true,0,6,6,0
1440100412118,4,Print Test Loops Info,200,OK,For each user - Log in - Create Site - Upload Document - Searches - Log out 3-2,text,true,0,7,7,0
1440100415187,5,Print Test Loops Info,200,OK,For each user - Log in - Create Site - Upload Document - Searches - Log out 3-3,text,true,0,9,9,0
1440100416032,1837,Login,200,OK,For each user - Log in - Create Site - Upload Document - Searches - Log out 3-1,text,true,94643,10,10,0
1440100420546,4,Print Test Loops Info,200,OK,For each user - Log in - Create Site - Upload Document - Searches - Log out 3-4,text,true,0,11,11,0
1440100421282,1649,Login,200,OK,For each user - Log in - Create Site - Upload Document - Searches - Log out 3-2,text,true,94643,12,12,0
1440100423644,3,Print Test Loops Info,200,OK,For each user - Log in - Create Site - Upload Document - Searches - Log out 3-5,text,true,0,12,12,0
1440100424291,1639,Login,200,OK,For each user - Log in - Create Site - Upload Document - Searches - Log out 3-3,text,true,94643,13,13,0
1440100429222,3,Log out,401,Unauthorized,For each user - Log in - Create Site - Upload Document - Searches - Log out 3-1,,true,387,15,15,3
1440100429817,2,Log out,401,Unauthorized,For each user - Log in - Create Site - Upload Document - Searches - Log out 3-2,,true,387,15,15,2
1440100430083,963,Login,200,OK,For each user - Log in - Create Site - Upload Document - Searches - Log out 3-4,text,true,39497,15,15,0
1440100431100,3,Print Test Loops Info,200,OK,For each user - Log in - Create Site - Upload Document - Searches - Log out 3-6,text,true,0,15,15,0
1440100432992,3,Print Test Loops Info,200,OK,For each user - Log in - Create Site - Upload Document - Searches - Log out 3-8,text,true,0,16,16,0
1440100432285,1024,Login,200,OK,For each user - Log in - Create Site - Upload Document - Searches - Log out 3-5,text,true,39497,16,16,0
1440100436974,1,Log out,401,Unauthorized,For each user - Log in - Create Site - Upload Document - Searches - Log out 3-3,,true,387,18,18,1
1440100438320,959,Login,200,OK,For each user - Log in - Create Site - Upload Document - Searches - Log out 3-6,text,true,39497,19,19,0
1440100439909,3,Print Test Loops Info,200,OK,For each user - Log in - Create Site - Upload Document - Searches - Log out 3-7,text,true,0,19,19,0
1440100442896,2,Log out,401,Unauthorized,For each user - Log in - Create Site - Upload Document - Searches - Log out 3-4,,true,387,20,20,2
1440100444294,2,Print Test Loops Info,200,OK,For each user - Log in - Create Site - Upload Document - Searches - Log out 3-9,text,true,0,21,21,0
1440100443497,1075,Login,200,OK,For each user - Log in - Create Site - Upload Document - Searches - Log out 3-8,text,true,39495,21,21,0
1440100444615,2,Log out,401,Unauthorized,For each user - Log in - Create Site - Upload Document - Searches - Log out 3-5,,true,387,21,21,2
1440100447819,1,Log out,401,Unauthorized,For each user - Log in - Create Site - Upload Document - Searches - Log out 3-6,,true,387,22,22,1
1440100448066,3,Print Test Loops Info,200,OK,For each user - Log in - Create Site - Upload Document - Searches - Log out 3-10,text,true,0,22,22,0
1440100448580,1033,Login,200,OK,For each user - Log in - Create Site - Upload Document - Searches - Log out 3-7,text,true,39497,23,23,0
1440100452918,2,Log out,401,Unauthorized,For each user - Log in - Create Site - Upload Document - Searches - Log out 3-8,,true,387,24,24,2
1440100453141,1774,Login,200,OK,For each user - Log in - Create Site - Upload Document - Searches - Log out 3-9,text,true,95192,25,25,0
1440100455174,3,Print Test Loops Info,200,OK,For each user - Log in - Create Site - Upload Document - Searches - Log out 3-12,text,true,0,25,25,0
1440100455312,1708,Login,200,OK,For each user - Log in - Create Site - Upload Document - Searches - Log out 3-10,text,true,95192,25,25,0
1440100459162,2,Print Test Loops Info,200,OK,For each user - Log in - Create Site - Upload Document - Searches - Log out 3-3,text,true,0,25,25,0
1440100459333,2,Log out,401,Unauthorized,For each user - Log in - Create Site - Upload Document - Searches - Log out 3-7,,true,387,25,25,2
1440100461422,1,Log out,401,Unauthorized,For each user - Log in - Create Site - Upload Document - Searches - Log out 3-9,,true,387,25,25,1
1440100461723,3,Print Test Loops Info,200,OK,For each user - Log in - Create Site - Upload Document - Searches - Log out 3-13,text,true,0,25,25,0
1440100465632,3,Log out,401,Unauthorized,For each user - Log in - Create Site - Upload Document - Searches - Log out 3-10,,true,387,25,25,3
1440100464747,1792,Login,200,OK,For each user - Log in - Create Site - Upload Document - Searches - Log out 3-12,text,true,95192,25,25,0
1440100468670,4,Print Test Loops Info,200,OK,For each user - Log in - Create Site - Upload Document - Searches - Log out 3-14,text,true,0,25,25,0
1440100469136,3,Print Test Loops Info,200,OK,For each user - Log in - Create Site - Upload Document - Searches - Log out 3-1,text,true,0,25,25,0
1440100469331,2,Print Test Loops Info,200,OK,For each user - Log in - Create Site - Upload Document - Searches - Log out 3-2,text,true,0,25,25,0
1440100468227,1719,Login,200,OK,For each user - Log in - Create Site - Upload Document - Searches - Log out 3-3,text,true,95192,25,25,0
1440100471774,1676,Login,200,OK,For each user - Log in - Create Site - Upload Document - Searches - Log out 3-13,text,true,95192,25,25,0
1440100475145,3,Log out,401,Unauthorized,For each user - Log in - Create Site - Upload Document - Searches - Log out 3-12,,true,387,25,25,3
1440100476316,3,Print Test Loops Info,200,OK,For each user - Log in - Create Site - Upload Document - Searches - Log out 3-9,text,true,0,25,25,0
1440100478653,16,Print Test Loops Info,200,OK,For each user - Log in - Create Site - Upload Document - Searches - Log out 3-16,text,true,0,25,25,0
1440100478722,2,Print Test Loops Info,200,OK,For each user - Log in - Create Site - Upload Document - Searches - Log out 3-7,text,true,0,25,25,0
1440100479038,1,Log out,Non HTTP response code: org.apache.http.NoHttpResponseException,Non HTTP response message: 192.168.56.1:8080 failed to respond,For each user - Log in - Create Site - Upload Document - Searches - Log out 3-3,text,false,2183,25,25,0
1440100478360,1405,Login,200,OK,For each user - Log in - Create Site - Upload Document - Searches - Log out 3-14,text,true,39495,25,25,0
1440100478505,2023,Login,200,OK,For each user - Log in - Create Site - Upload Document - Searches - Log out 3-1,text,true,95192,25,25,0
1440100478351,2241,Login,200,OK,For each user - Log in - Create Site - Upload Document - Searches - Log out 3-2,text,true,95192,25,25,0
1440100482507,2,Log out,401,Unauthorized,For each user - Log in - Create Site - Upload Document - Searches - Log out 3-13,,true,387,25,25,2
1440100483306,2,Print Test Loops Info,200,OK,For each user - Log in - Create Site - Upload Document - Searches - Log out 3-17,text,true,0,25,25,0
1440100486487,2,Print Test Loops Info,200,OK,For each user - Log in - Create Site - Upload Document - Searches - Log out 3-18,text,true,0,25,25,0
1440100486641,1743,Login,200,OK,For each user - Log in - Create Site - Upload Document - Searches - Log out 3-16,text,true,94718,25,25,0
1440100488612,1,Log out,Non HTTP response code: org.apache.http.NoHttpResponseException,Non HTTP response message: 192.168.56.1:8080 failed to respond,For each user - Log in - Create Site - Upload Document - Searches - Log out 3-2,text,false,2183,25,25,0
1440100488748,37,Print Test Loops Info,200,OK,For each user - Log in - Create Site - Upload Document - Searches - Log out 3-8,text,true,0,25,25,0
1440100488880,1,Log out,Non HTTP response code: java.net.SocketException,Non HTTP response message: Software caused connection abort: recv failed,For each user - Log in - Create Site - Upload Document - Searches - Log out 3-1,text,false,2693,25,25,0
1440100488900,4,Log out,401,Unauthorized,For each user - Log in - Create Site - Upload Document - Searches - Log out 3-14,,true,387,25,25,4
1440100488155,1383,Login,200,OK,For each user - Log in - Create Site - Upload Document - Searches - Log out 3-9,text,true,39497,25,25,0
1440100487957,2089,Login,200,OK,For each user - Log in - Create Site - Upload Document - Searches - Log out 3-7,text,true,95192,25,25,0
1440100492634,1582,Login,200,OK,For each user - Log in - Create Site - Upload Document - Searches - Log out 3-17,text,true,94718,25,25,0
1440100494999,2,Print Test Loops Info,200,OK,For each user - Log in - Create Site - Upload Document - Searches - Log out 3-19,text,true,0,25,25,0
1440100496726,1,Log out,401,Unauthorized,For each user - Log in - Create Site - Upload Document - Searches - Log out 3-16,,true,387,25,25,1
1440100498137,2,Print Test Loops Info,200,OK,For each user - Log in - Create Site - Upload Document - Searches - Log out 3-6,text,true,0,25,25,0
1440100496380,1742,Login,200,OK,For each user - Log in - Create Site - Upload Document - Searches - Log out 3-18,text,true,94718,25,25,0
1440100498386,1,Log out,Non HTTP response code: org.apache.http.NoHttpResponseException,Non HTTP response message: 192.168.56.1:8080 failed to respond,For each user - Log in - Create Site - Upload Document - Searches - Log out 3-7,text,false,2183,25,25,0
1440100497821,1637,Login,200,OK,For each user - Log in - Create Site - Upload Document - Searches - Log out 3-8,text,true,94718,25,25,0
1440100499539,2,Print Test Loops Info,200,OK,For each user - Log in - Create Site - Upload Document - Searches - Log out 3-20,text,true,0,25,25,0
1440100499974,0,Log out,Non HTTP response code: org.apache.http.NoHttpResponseException,Non HTTP response message: 192.168.56.1:8080 failed to respond,For each user - Log in - Create Site - Upload Document - Searches - Log out 3-9,text,false,2183,25,25,0
1440100502891,2,Print Test Loops Info,200,OK,For each user - Log in - Create Site - Upload Document - Searches - Log out 3-5,text,true,0,25,25,0
1440100502794,1735,Login,200,OK,For each user - Log in - Create Site - Upload Document - Searches - Log out 3-19,text,true,94718,25,25,0
1440100505501,2,Log out,401,Unauthorized,For each user - Log in - Create Site - Upload Document - Searches - Log out 3-17,,true,387,25,25,2
1440100507167,2,Log out,401,Unauthorized,For each user - Log in - Create Site - Upload Document - Searches - Log out 3-18,,true,387,25,25,2
1440100507691,2,Print Test Loops Info,200,OK,For each user - Log in - Create Site - Upload Document - Searches - Log out 3-11,text,true,0,25,25,0
1440100506106,1744,Login,200,OK,For each user - Log in - Create Site - Upload Document - Searches - Log out 3-6,text,true,97160,25,25,0
1440100508012,0,Log out,Non HTTP response code: org.apache.http.NoHttpResponseException,Non HTTP response message: 192.168.56.1:8080 failed to respond,For each user - Log in - Create Site - Upload Document - Searches - Log out 3-8,text,false,2183,25,25,0
1440100509603,1488,Login,200,OK,For each user - Log in - Create Site - Upload Document - Searches - Log out 3-20,text,true,94643,25,25,0
1440100513556,3,Print Test Loops Info,200,OK,For each user - Log in - Create Site - Upload Document - Searches - Log out 3-4,text,true,0,25,25,0
1440100514142,2,Print Test Loops Info,200,OK,For each user - Log in - Create Site - Upload Document - Searches - Log out 3-21,text,true,0,25,25,0
1440100512661,1671,Login,200,OK,For each user - Log in - Create Site - Upload Document - Searches - Log out 3-5,text,true,94643,25,25,0
1440100515017,2,Print Test Loops Info,200,OK,For each user - Log in - Create Site - Upload Document - Searches - Log out 3-9,text,true,0,25,25,0
1440100515099,2,Log out,401,Unauthorized,For each user - Log in - Create Site - Upload Document - Searches - Log out 3-19,,true,387,25,25,2
1440100518072,7,Print Test Loops Info,200,OK,For each user - Log in - Create Site - Upload Document - Searches - Log out 3-7,text,true,0,25,25,0
1440100516540,1722,Login,200,OK,For each user - Log in - Create Site - Upload Document - Searches - Log out 3-11,text,true,94643,25,25,0
1440100518316,1,Log out,Non HTTP response code: org.apache.http.NoHttpResponseException,Non HTTP response message: 192.168.56.1:8080 failed to respond,For each user - Log in - Create Site - Upload Document - Searches - Log out 3-6,text,false,2183,25,25,0
1440100519803,2,Log out,401,Unauthorized,For each user - Log in - Create Site - Upload Document - Searches - Log out 3-20,,true,387,25,25,2
1440100520803,3,Print Test Loops Info,200,OK,For each user - Log in - Create Site - Upload Document - Searches - Log out 3-16,text,true,0,25,25,0
1440100522907,1,Log out,Non HTTP response code: org.apache.http.NoHttpResponseException,Non HTTP response message: 192.168.56.1:8080 failed to respond,For each user - Log in - Create Site - Upload Document - Searches - Log out 3-5,text,false,2183,25,25,0
1440100523737,3,Print Test Loops Info,200,OK,For each user - Log in - Create Site - Upload Document - Searches - Log out 3-22,text,true,0,25,25,0
1440100522908,1261,Login,200,OK,For each user - Log in - Create Site - Upload Document - Searches - Log out 3-21,text,true,39497,25,25,0
1440100523807,1050,Login,200,OK,For each user - Log in - Create Site - Upload Document - Searches - Log out 3-9,text,true,39497,25,25,0
1440100524848,1679,Login,200,OK,For each user - Log in - Create Site - Upload Document - Searches - Log out 3-4,text,true,94643,25,25,0
1440100526696,2,Print Test Loops Info,200,OK,For each user - Log in - Create Site - Upload Document - Searches - Log out 3-14,text,true,0,25,25,0
1440100526866,2,Log out,401,Unauthorized,For each user - Log in - Create Site - Upload Document - Searches - Log out 3-11,,true,387,25,25,2
1440100527468,2,Print Test Loops Info,200,OK,For each user - Log in - Create Site - Upload Document - Searches - Log out 3-1,text,true,0,25,25,0
1440100527526,950,Login,200,OK,For each user - Log in - Create Site - Upload Document - Searches - Log out 3-7,text,true,39497,25,25,0
1440100529362,3,Print Test Loops Info,200,OK,For each user - Log in - Create Site - Upload Document - Searches - Log out 3-23,text,true,0,25,25,0
1440100528966,1106,Login,200,OK,For each user - Log in - Create Site - Upload Document - Searches - Log out 3-16,text,true,39497,25,25,0
1440100530520,3,Print Test Loops Info,200,OK,For each user - Log in - Create Site - Upload Document - Searches - Log out 3-2,text,true,0,25,25,0
1440100531863,1,Log out,401,Unauthorized,For each user - Log in - Create Site - Upload Document - Searches - Log out 3-21,,true,387,25,25,1
1440100532046,976,Login,200,OK,For each user - Log in - Create Site - Upload Document - Searches - Log out 3-22,text,true,39497,25,25,0
1440100535201,5,Log out,401,Unauthorized,For each user - Log in - Create Site - Upload Document - Searches - Log out 3-9,,true,387,25,25,5
1440100535386,3,Print Test Loops Info,200,OK,For each user - Log in - Create Site - Upload Document - Searches - Log out 3-13,text,true,0,25,25,0
1440100533741,1799,Login,200,OK,For each user - Log in - Create Site - Upload Document - Searches - Log out 3-14,text,true,95192,24,24,0
1440100537005,0,Log out,Non HTTP response code: org.apache.http.NoHttpResponseException,Non HTTP response message: 192.168.56.1:8080 failed to respond,For each user - Log in - Create Site - Upload Document - Searches - Log out 3-4,text,false,2183,24,24,0
1440100538867,2,Log out,401,Unauthorized,For each user - Log in - Create Site - Upload Document - Searches - Log out 3-7,,true,387,24,24,2
1440100539128,4,Print Test Loops Info,200,OK,For each user - Log in - Create Site - Upload Document - Searches - Log out 3-24,text,true,0,23,23,0
1440100537577,1246,Login,200,OK,For each user - Log in - Create Site - Upload Document - Searches - Log out 3-2,text,true,39497,23,23,0
1440100537042,1891,Login,200,OK,For each user - Log in - Create Site - Upload Document - Searches - Log out 3-1,text,true,95192,23,23,0
1440100539786,1,Log out,Non HTTP response code: org.apache.http.NoHttpResponseException,Non HTTP response message: 192.168.56.1:8080 failed to respond,For each user - Log in - Create Site - Upload Document - Searches - Log out 3-16,text,false,2183,23,23,0
1440100540762,2,Print Test Loops Info,200,OK,For each user - Log in - Create Site - Upload Document - Searches - Log out 3-3,text,true,0,23,23,0
1440100540829,1600,Login,200,OK,For each user - Log in - Create Site - Upload Document - Searches - Log out 3-23,text,true,95192,23,23,0
1440100543203,3,Log out,401,Unauthorized,For each user - Log in - Create Site - Upload Document - Searches - Log out 3-22,,true,387,23,23,3
1440100544217,3,Print Test Loops Info,200,OK,For each user - Log in - Create Site - Upload Document - Searches - Log out 3-25,text,true,0,23,23,0
1440100545500,2,Print Test Loops Info,200,OK,For each user - Log in - Create Site - Upload Document - Searches - Log out 3-12,text,true,0,23,23,0
1440100546036,2,Log out,401,Unauthorized,For each user - Log in - Create Site - Upload Document - Searches - Log out 3-1,,true,387,23,23,2
1440100546764,3,Print Test Loops Info,200,OK,For each user - Log in - Create Site - Upload Document - Searches - Log out 3-10,text,true,0,22,22,0
1440100547465,2,Log out,401,Unauthorized,For each user - Log in - Create Site - Upload Document - Searches - Log out 3-2,,true,387,22,22,2
1440100547501,0,Log out,Non HTTP response code: org.apache.http.NoHttpResponseException,Non HTTP response message: 192.168.56.1:8080 failed to respond,For each user - Log in - Create Site - Upload Document - Searches - Log out 3-14,text,false,2183,22,22,0
1440100546040,1765,Login,200,OK,For each user - Log in - Create Site - Upload Document - Searches - Log out 3-13,text,true,95192,21,21,0
1440100548618,2,Print Test Loops Info,200,OK,For each user - Log in - Create Site - Upload Document - Searches - Log out 3-15,text,true,0,21,21,0
1440100548971,2088,Login,200,OK,For each user - Log in - Create Site - Upload Document - Searches - Log out 3-3,text,true,95192,21,21,0
1440100549339,1830,Login,200,OK,For each user - Log in - Create Site - Upload Document - Searches - Log out 3-24,text,true,95192,21,21,0
1440100551395,3,Print Test Loops Info,200,OK,For each user - Log in - Create Site - Upload Document - Searches - Log out 3-4,text,true,0,21,21,0
1440100551501,2,Log out,401,Unauthorized,For each user - Log in - Create Site - Upload Document - Searches - Log out 3-23,,true,387,21,21,2
1440100552388,1672,Login,200,OK,For each user - Log in - Create Site - Upload Document - Searches - Log out 3-12,text,true,95192,21,21,0
1440100554321,2,Print Test Loops Info,200,OK,For each user - Log in - Create Site - Upload Document - Searches - Log out 3-21,text,true,0,21,21,0
1440100554954,4,Print Test Loops Info,200,OK,For each user - Log in - Create Site - Upload Document - Searches - Log out 3-11,text,true,0,21,21,0
1440100554857,1963,Login,200,OK,For each user - Log in - Create Site - Upload Document - Searches - Log out 3-10,text,true,95192,21,21,0
1440100555499,1921,Login,200,OK,For each user - Log in - Create Site - Upload Document - Searches - Log out 3-25,text,true,95192,21,21,0
1440100557665,0,Log out,Non HTTP response code: org.apache.http.NoHttpResponseException,Non HTTP response message: 192.168.56.1:8080 failed to respond,For each user - Log in - Create Site - Upload Document - Searches - Log out 3-13,text,false,2183,21,21,0
1440100558385,6,Print Test Loops Info,200,OK,For each user - Log in - Create Site - Upload Document - Searches - Log out 3-20,text,true,0,21,21,0
1440100556496,1945,Login,200,OK,For each user - Log in - Create Site - Upload Document - Searches - Log out 3-15,text,true,94718,21,21,0
1440100558768,3,Print Test Loops Info,200,OK,For each user - Log in - Create Site - Upload Document - Searches - Log out 3-5,text,true,0,21,21,0
1440100558892,2,Log out,401,Unauthorized,For each user - Log in - Create Site - Upload Document - Searches - Log out 3-3,,true,387,21,21,2
1440100560367,2,Log out,401,Unauthorized,For each user - Log in - Create Site - Upload Document - Searches - Log out 3-24,,true,387,20,20,2
1440100562016,2,Log out,Non HTTP response code: java.net.SocketException,Non HTTP response message: Software caused connection abort: recv failed,For each user - Log in - Create Site - Upload Document - Searches - Log out 3-12,text,false,2693,20,20,0
1440100561603,1623,Login,200,OK,For each user - Log in - Create Site - Upload Document - Searches - Log out 3-4,text,true,94718,20,20,0
1440100564199,2,Print Test Loops Info,200,OK,For each user - Log in - Create Site - Upload Document - Searches - Log out 3-6,text,true,0,20,20,0
1440100564613,5,Log out,401,Unauthorized,For each user - Log in - Create Site - Upload Document - Searches - Log out 3-25,,true,387,20,20,5
1440100563254,1693,Login,200,OK,For each user - Log in - Create Site - Upload Document - Searches - Log out 3-21,text,true,94718,20,20,0
1440100565178,2,Print Test Loops Info,200,OK,For each user - Log in - Create Site - Upload Document - Searches - Log out 3-19,text,true,0,20,20,0
1440100565802,1,Log out,Non HTTP response code: org.apache.http.NoHttpResponseException,Non HTTP response message: 192.168.56.1:8080 failed to respond,For each user - Log in - Create Site - Upload Document - Searches - Log out 3-10,text,false,2183,20,20,0
1440100566209,2,Log out,401,Unauthorized,For each user - Log in - Create Site - Upload Document - Searches - Log out 3-15,,true,387,20,20,2
1440100566889,3,Print Test Loops Info,200,OK,For each user - Log in - Create Site - Upload Document - Searches - Log out 3-8,text,true,0,20,20,0
1440100565217,2103,Login,200,OK,For each user - Log in - Create Site - Upload Document - Searches - Log out 3-20,text,true,97160,20,20,0
1440100566035,2314,Login,200,OK,For each user - Log in - Create Site - Upload Document - Searches - Log out 3-11,text,true,94718,20,20,0
1440100566322,2103,Login,200,OK,For each user - Log in - Create Site - Upload Document - Searches - Log out 3-5,text,true,94718,20,20,0
1440100569264,3,Print Test Loops Info,200,OK,For each user - Log in - Create Site - Upload Document - Searches - Log out 3-18,text,true,0,20,20,0
1440100571862,2,Print Test Loops Info,200,OK,For each user - Log in - Create Site - Upload Document - Searches - Log out 3-17,text,true,0,20,20,0
1440100571927,2,Log out,401,Unauthorized,For each user - Log in - Create Site - Upload Document - Searches - Log out 3-4,,true,387,20,20,2
1440100572368,1,Log out,Non HTTP response code: java.net.SocketException,Non HTTP response message: Software caused connection abort: recv failed,For each user - Log in - Create Site - Upload Document - Searches - Log out 3-21,text,false,2693,19,19,0
1440100574054,0,Log out,Non HTTP response code: org.apache.http.NoHttpResponseException,Non HTTP response message: 192.168.56.1:8080 failed to respond,For each user - Log in - Create Site - Upload Document - Searches - Log out 3-20,text,false,2183,19,19,0
1440100574876,3,Print Test Loops Info,200,OK,For each user - Log in - Create Site - Upload Document - Searches - Log out 3-13,text,true,0,19,19,0
1440100573299,1973,Login,200,OK,For each user - Log in - Create Site - Upload Document - Searches - Log out 3-19,text,true,94643,19,19,0
1440100575499,4,Print Test Loops Info,200,OK,For each user - Log in - Create Site - Upload Document - Searches - Log out 3-23,text,true,0,19,19,0
1440100573631,1836,Login,200,OK,For each user - Log in - Create Site - Upload Document - Searches - Log out 3-6,text,true,94643,19,19,0
1440100576372,0,Log out,Non HTTP response code: java.net.SocketException,Non HTTP response message: Software caused connection abort: recv failed,For each user - Log in - Create Site - Upload Document - Searches - Log out 3-11,text,false,2693,19,19,0
1440100576962,3,Print Test Loops Info,200,OK,For each user - Log in - Create Site - Upload Document - Searches - Log out 3-14,text,true,0,19,19,0
1440100575327,1747,Login,200,OK,For each user - Log in - Create Site - Upload Document - Searches - Log out 3-8,text,true,94643,19,19,0
1440100579071,2,Print Test Loops Info,200,OK,For each user - Log in - Create Site - Upload Document - Searches - Log out 3-22,text,true,0,19,19,0
1440100579185,2,Log out,401,Unauthorized,For each user - Log in - Create Site - Upload Document - Searches - Log out 3-5,,true,387,19,19,2
1440100577609,1823,Login,200,OK,For each user - Log in - Create Site - Upload Document - Searches - Log out 3-18,text,true,94643,18,18,0
1440100581178,3,Print Test Loops Info,200,OK,For each user - Log in - Create Site - Upload Document - Searches - Log out 3-16,text,true,0,18,18,0
1440100580265,934,Login,200,OK,For each user - Log in - Create Site - Upload Document - Searches - Log out 3-17,text,true,39497,18,18,0
1440100582794,1024,Login,200,OK,For each user - Log in - Create Site - Upload Document - Searches - Log out 3-23,text,true,39497,18,18,0
1440100584856,3,Log out,401,Unauthorized,For each user - Log in - Create Site - Upload Document - Searches - Log out 3-6,,true,387,18,18,3
1440100585308,2,Log out,401,Unauthorized,For each user - Log in - Create Site - Upload Document - Searches - Log out 3-8,,true,387,17,17,2
1440100584351,1089,Login,200,OK,For each user - Log in - Create Site - Upload Document - Searches - Log out 3-13,text,true,39495,16,16,0
1440100586009,0,Log out,Non HTTP response code: org.apache.http.NoHttpResponseException,Non HTTP response message: 192.168.56.1:8080 failed to respond,For each user - Log in - Create Site - Upload Document - Searches - Log out 3-19,text,false,2183,16,16,0
1440100586129,4,Print Test Loops Info,200,OK,For each user - Log in - Create Site - Upload Document - Searches - Log out 3-15,text,true,0,16,16,0
1440100585913,1081,Login,200,OK,For each user - Log in - Create Site - Upload Document - Searches - Log out 3-14,text,true,39497,16,16,0
1440100589227,8,Print Test Loops Info,200,OK,For each user - Log in - Create Site - Upload Document - Searches - Log out 3-10,text,true,0,16,16,0
1440100589503,4,Print Test Loops Info,200,OK,For each user - Log in - Create Site - Upload Document - Searches - Log out 3-25,text,true,0,16,16,0
1440100589851,1,Log out,Non HTTP response code: org.apache.http.NoHttpResponseException,Non HTTP response message: 192.168.56.1:8080 failed to respond,For each user - Log in - Create Site - Upload Document - Searches - Log out 3-18,text,false,2183,16,16,0
1440100588899,995,Login,200,OK,For each user - Log in - Create Site - Upload Document - Searches - Log out 3-22,text,true,39493,16,16,0
1440100591165,0,Log out,Non HTTP response code: org.apache.http.NoHttpResponseException,Non HTTP response message: 192.168.56.1:8080 failed to respond,For each user - Log in - Create Site - Upload Document - Searches - Log out 3-17,text,false,2183,16,16,0
1440100591321,1,Log out,Non HTTP response code: org.apache.http.NoHttpResponseException,Non HTTP response message: 192.168.56.1:8080 failed to respond,For each user - Log in - Create Site - Upload Document - Searches - Log out 3-23,text,false,2183,16,16,0
1440100592361,2,Print Test Loops Info,200,OK,For each user - Log in - Create Site - Upload Document - Searches - Log out 3-12,text,true,0,16,16,0
1440100592511,3,Print Test Loops Info,200,OK,For each user - Log in - Create Site - Upload Document - Searches - Log out 3-24,text,true,0,16,16,0
1440100591841,1810,Login,200,OK,For each user - Log in - Create Site - Upload Document - Searches - Log out 3-16,text,true,95192,16,16,0
1440100594270,2,Log out,401,Unauthorized,For each user - Log in - Create Site - Upload Document - Searches - Log out 3-13,,true,387,16,16,2
1440100596156,2,Log out,401,Unauthorized,For each user - Log in - Create Site - Upload Document - Searches - Log out 3-14,,true,387,15,15,2
1440100596374,3,Print Test Loops Info,200,OK,For each user - Log in - Create Site - Upload Document - Searches - Log out 3-11,text,true,0,15,15,0
1440100597540,4,Print Test Loops Info,200,OK,For each user - Log in - Create Site - Upload Document - Searches - Log out 3-20,text,true,0,14,14,0
1440100595544,2063,Login,200,OK,For each user - Log in - Create Site - Upload Document - Searches - Log out 3-15,text,true,95192,14,14,0
1440100596286,1861,Login,200,OK,For each user - Log in - Create Site - Upload Document - Searches - Log out 3-10,text,true,95192,14,14,0
1440100599078,4,Print Test Loops Info,200,OK,For each user - Log in - Create Site - Upload Document - Searches - Log out 3-21,text,true,0,14,14,0
1440100601696,0,Log out,Non HTTP response code: org.apache.http.NoHttpResponseException,Non HTTP response message: 192.168.56.1:8080 failed to respond,For each user - Log in - Create Site - Upload Document - Searches - Log out 3-22,text,false,2183,14,14,0
1440100600369,1479,Login,200,OK,For each user - Log in - Create Site - Upload Document - Searches - Log out 3-25,text,true,95192,14,14,0
1440100602272,3,Print Test Loops Info,200,OK,For each user - Log in - Create Site - Upload Document - Searches - Log out 3-19,text,true,0,14,14,0
1440100602655,2,Log out,401,Unauthorized,For each user - Log in - Create Site - Upload Document - Searches - Log out 3-16,,true,387,14,14,2
1440100603124,2,Print Test Loops Info,200,OK,For each user - Log in - Create Site - Upload Document - Searches - Log out 3-18,text,true,0,13,13,0
1440100601899,1714,Login,200,OK,For each user - Log in - Create Site - Upload Document - Searches - Log out 3-24,text,true,95192,13,13,0
1440100605330,2,Log out,401,Unauthorized,For each user - Log in - Create Site - Upload Document - Searches - Log out 3-10,,true,387,13,13,2
1440100603490,1972,Login,200,OK,For each user - Log in - Create Site - Upload Document - Searches - Log out 3-12,text,true,95192,13,13,0
1440100603510,1963,Login,200,OK,For each user - Log in - Create Site - Upload Document - Searches - Log out 3-11,text,true,95192,12,12,0
1440100606432,3,Print Test Loops Info,200,OK,For each user - Log in - Create Site - Upload Document - Searches - Log out 3-23,text,true,0,12,12,0
1440100607243,0,Log out,Non HTTP response code: org.apache.http.NoHttpResponseException,Non HTTP response message: 192.168.56.1:8080 failed to respond,For each user - Log in - Create Site - Upload Document - Searches - Log out 3-15,text,false,2183,12,12,0
1440100607856,1743,Login,200,OK,For each user - Log in - Create Site - Upload Document - Searches - Log out 3-21,text,true,95192,12,12,0
1440100610369,2,Print Test Loops Info,200,OK,For each user - Log in - Create Site - Upload Document - Searches - Log out 3-17,text,true,0,12,12,0
1440100608668,1670,Login,200,OK,For each user - Log in - Create Site - Upload Document - Searches - Log out 3-20,text,true,95192,12,12,0
1440100611627,1,Log out,Non HTTP response code: java.net.SocketException,Non HTTP response message: Software caused connection abort: recv failed,For each user - Log in - Create Site - Upload Document - Searches - Log out 3-25,text,false,2693,12,12,0
1440100611802,1764,Login,200,OK,For each user - Log in - Create Site - Upload Document - Searches - Log out 3-19,text,true,94718,12,12,0
1440100613797,1,Log out,401,Unauthorized,For each user - Log in - Create Site - Upload Document - Searches - Log out 3-12,,true,387,12,12,1
1440100611904,1905,Login,200,OK,For each user - Log in - Create Site - Upload Document - Searches - Log out 3-18,text,true,95192,12,12,0
1440100613854,2,Print Test Loops Info,200,OK,For each user - Log in - Create Site - Upload Document - Searches - Log out 3-22,text,true,0,12,12,0
1440100614957,0,Log out,Non HTTP response code: org.apache.http.NoHttpResponseException,Non HTTP response message: 192.168.56.1:8080 failed to respond,For each user - Log in - Create Site - Upload Document - Searches - Log out 3-24,text,false,2183,11,11,0
1440100615428,2,Log out,401,Unauthorized,For each user - Log in - Create Site - Upload Document - Searches - Log out 3-11,,true,387,11,11,2
1440100614216,1639,Login,200,OK,For each user - Log in - Create Site - Upload Document - Searches - Log out 3-23,text,true,94718,10,10,0
1440100618339,3,Print Test Loops Info,200,OK,For each user - Log in - Create Site - Upload Document - Searches - Log out 3-15,text,true,0,10,10,0
1440100619000,2,Log out,401,Unauthorized,For each user - Log in - Create Site - Upload Document - Searches - Log out 3-21,,true,387,10,10,2
1440100619017,1,Log out,401,Unauthorized,For each user - Log in - Create Site - Upload Document - Searches - Log out 3-20,,true,387,10,10,1
1440100620244,3,Log out,401,Unauthorized,For each user - Log in - Create Site - Upload Document - Searches - Log out 3-19,,true,387,8,8,3
1440100619763,1541,Login,200,OK,For each user - Log in - Create Site - Upload Document - Searches - Log out 3-17,text,true,94718,7,7,0
1440100621874,2,Print Test Loops Info,200,OK,For each user - Log in - Create Site - Upload Document - Searches - Log out 3-25,text,true,0,7,7,0
1440100621633,1599,Login,200,OK,For each user - Log in - Create Site - Upload Document - Searches - Log out 3-22,text,true,94718,7,7,0
1440100625092,1,Log out,401,Unauthorized,For each user - Log in - Create Site - Upload Document - Searches - Log out 3-18,,true,387,7,7,1
1440100625134,3,Print Test Loops Info,200,OK,For each user - Log in - Create Site - Upload Document - Searches - Log out 3-24,text,true,0,7,7,0
1440100625234,2,Log out,401,Unauthorized,For each user - Log in - Create Site - Upload Document - Searches - Log out 3-23,,true,387,7,7,2
1440100630411,2,Log out,401,Unauthorized,For each user - Log in - Create Site - Upload Document - Searches - Log out 3-17,,true,387,5,5,2
1440100629124,1466,Login,200,OK,For each user - Log in - Create Site - Upload Document - Searches - Log out 3-15,text,true,94718,4,4,0
1440100630936,1,Log out,401,Unauthorized,For each user - Log in - Create Site - Upload Document - Searches - Log out 3-22,,true,387,4,4,1
1440100631185,1543,Login,200,OK,For each user - Log in - Create Site - Upload Document - Searches - Log out 3-25,text,true,97160,3,3,0
1440100634101,1481,Login,200,OK,For each user - Log in - Create Site - Upload Document - Searches - Log out 3-24,text,true,94643,3,3,0
1440100642642,2,Log out,401,Unauthorized,For each user - Log in - Create Site - Upload Document - Searches - Log out 3-25,,true,387,3,3,2
1440100642691,2,Log out,401,Unauthorized,For each user - Log in - Create Site - Upload Document - Searches - Log out 3-15,,true,387,3,3,2
1440100644540,2,Log out,401,Unauthorized,For each user - Log in - Create Site - Upload Document - Searches - Log out 3-24,,true,387,1,1,2
1440100647411,4,Print Test Finished,200,OK,Test completed 4-1,text,true,0,1,1,0
1440100653292,12,Print Test Started,200,OK,Test Started 1-1,text,true,0,1,1,0
1440100655979,4,Print Creating Users,200,OK,Create Users 2-1,text,true,0,1,1,0
1440100656025,77,Log in,200,OK,Create Users 2-1,text,true,39326,1,1,66
1440100656108,17,Admin Console,200,OK,Create Users 2-1,text,true,38931,1,1,12
1440100656127,4,authentication,401,Unauthorized,Create Users 2-1,,false,207,1,1,4
1440100675377,2,Log out,401,Unauthorized,Create Users 2-1,,true,387,1,1,2
1440100689205,6,Print Test Loops Info,200,OK,For each user - Log in - Create Site - Upload Document - Searches - Log out 3-1,text,true,0,6,6,0
1440100692047,5,Print Test Loops Info,200,OK,For each user - Log in - Create Site - Upload Document - Searches - Log out 3-2,text,true,0,7,7,0
1440100696515,8,Print Test Loops Info,200,OK,For each user - Log in - Create Site - Upload Document - Searches - Log out 3-4,text,true,0,9,9,0
1440100696718,1624,Login,200,OK,For each user - Log in - Create Site - Upload Document - Searches - Log out 3-1,text,true,94643,10,10,0
1440100699288,3,Print Test Loops Info,200,OK,For each user - Log in - Create Site - Upload Document - Searches - Log out 3-3,text,true,0,10,10,0
1440100701631,1588,Login,200,OK,For each user - Log in - Create Site - Upload Document - Searches - Log out 3-2,text,true,94643,12,12,0
1440100706725,1170,Login,200,OK,For each user - Log in - Create Site - Upload Document - Searches - Log out 3-4,text,true,39495,14,14,0
1440100709425,4,Log out,401,Unauthorized,For each user - Log in - Create Site - Upload Document - Searches - Log out 3-1,,true,387,14,14,4
1440100707250,1841,Login,200,OK,For each user - Log in - Create Site - Upload Document - Searches - Log out 3-3,text,true,94643,15,15,0
1440100710283,3,Print Test Loops Info,200,OK,For each user - Log in - Create Site - Upload Document - Searches - Log out 3-7,text,true,0,15,15,0
1440100713528,2,Log out,401,Unauthorized,For each user - Log in - Create Site - Upload Document - Searches - Log out 3-2,,true,387,16,16,2
1440100715073,3,Print Test Loops Info,200,OK,For each user - Log in - Create Site - Upload Document - Searches - Log out 3-5,text,true,0,17,17,0
1440100717366,3,Log out,401,Unauthorized,For each user - Log in - Create Site - Upload Document - Searches - Log out 3-4,,true,387,18,18,2
1440100719794,3,Print Test Loops Info,200,OK,For each user - Log in - Create Site - Upload Document - Searches - Log out 3-8,text,true,0,19,19,0
1440100720110,2,Log out,401,Unauthorized,For each user - Log in - Create Site - Upload Document - Searches - Log out 3-3,,true,387,19,19,2
1440100722105,982,Login,200,OK,For each user - Log in - Create Site - Upload Document - Searches - Log out 3-5,text,true,39497,20,20,0
1440100722146,1040,Login,200,OK,For each user - Log in - Create Site - Upload Document - Searches - Log out 3-7,text,true,39497,20,20,0
1440100725269,3,Print Test Loops Info,200,OK,For each user - Log in - Create Site - Upload Document - Searches - Log out 3-9,text,true,0,21,21,0
1440100727159,6,Print Test Loops Info,200,OK,For each user - Log in - Create Site - Upload Document - Searches - Log out 3-6,text,true,0,22,22,0
1440100728011,929,Login,200,OK,For each user - Log in - Create Site - Upload Document - Searches - Log out 3-8,text,true,39497,22,22,0
1440100730330,2,Log out,401,Unauthorized,For each user - Log in - Create Site - Upload Document - Searches - Log out 3-5,,true,387,23,23,2
1440100731560,3,Print Test Loops Info,200,OK,For each user - Log in - Create Site - Upload Document - Searches - Log out 3-10,text,true,0,24,24,0
1440100732310,2,Log out,401,Unauthorized,For each user - Log in - Create Site - Upload Document - Searches - Log out 3-7,,true,387,24,24,2
1440100733687,2,Print Test Loops Info,200,OK,For each user - Log in - Create Site - Upload Document - Searches - Log out 3-4,text,true,0,25,25,0
1440100734004,1108,Login,200,OK,For each user - Log in - Create Site - Upload Document - Searches - Log out 3-9,text,true,39497,25,25,0
1440100734501,1632,Login,200,OK,For each user - Log in - Create Site - Upload Document - Searches - Log out 3-6,text,true,95191,25,25,0
1440100736475,3,Print Test Loops Info,200,OK,For each user - Log in - Create Site - Upload Document - Searches - Log out 3-11,text,true,0,25,25,0
1440100738753,1,Log out,401,Unauthorized,For each user - Log in - Create Site - Upload Document - Searches - Log out 3-8,,true,387,25,25,1
1440100741846,3,Print Test Loops Info,200,OK,For each user - Log in - Create Site - Upload Document - Searches - Log out 3-2,text,true,0,25,25,0
1440100742805,4,Print Test Loops Info,200,OK,For each user - Log in - Create Site - Upload Document - Searches - Log out 3-12,text,true,0,25,25,0
1440100742874,2,Log out,401,Unauthorized,For each user - Log in - Create Site - Upload Document - Searches - Log out 3-9,,true,387,25,25,2
1440100742619,1890,Login,200,OK,For each user - Log in - Create Site - Upload Document - Searches - Log out 3-10,text,true,95191,25,25,0
1440100745127,2,Log out,401,Unauthorized,For each user - Log in - Create Site - Upload Document - Searches - Log out 3-6,,true,387,25,25,2
1440100745892,13,Print Test Loops Info,200,OK,For each user - Log in - Create Site - Upload Document - Searches - Log out 3-13,text,true,0,25,25,0
1440100744066,2172,Login,200,OK,For each user - Log in - Create Site - Upload Document - Searches - Log out 3-4,text,true,95191,25,25,0
1440100744957,1859,Login,200,OK,For each user - Log in - Create Site - Upload Document - Searches - Log out 3-11,text,true,95191,25,25,0
1440100748769,3,Print Test Loops Info,200,OK,For each user - Log in - Create Site - Upload Document - Searches - Log out 3-1,text,true,0,25,25,0
1440100750715,1861,Login,200,OK,For each user - Log in - Create Site - Upload Document - Searches - Log out 3-2,text,true,95191,25,25,0
1440100751049,1747,Login,200,OK,For each user - Log in - Create Site - Upload Document - Searches - Log out 3-12,text,true,95191,25,25,0
1440100753046,1,Log out,Non HTTP response code: org.apache.http.NoHttpResponseException,Non HTTP response message: 192.168.56.1:8080 failed to respond,For each user - Log in - Create Site - Upload Document - Searches - Log out 3-4,text,false,2183,25,25,0
1440100755838,3,Print Test Loops Info,200,OK,For each user - Log in - Create Site - Upload Document - Searches - Log out 3-9,text,true,0,25,25,0
1440100756183,2,Log out,401,Unauthorized,For each user - Log in - Create Site - Upload Document - Searches - Log out 3-10,,true,387,25,25,2
1440100756665,4,Print Test Loops Info,200,OK,For each user - Log in - Create Site - Upload Document - Searches - Log out 3-15,text,true,0,25,25,0
1440100755151,1617,Login,200,OK,For each user - Log in - Create Site - Upload Document - Searches - Log out 3-13,text,true,95191,25,25,0
1440100756987,3,Log out,401,Unauthorized,For each user - Log in - Create Site - Upload Document - Searches - Log out 3-11,,true,387,25,25,3
1440100756311,1708,Login,200,OK,For each user - Log in - Create Site - Upload Document - Searches - Log out 3-1,text,true,95191,25,25,0
1440100759802,3,Print Test Loops Info,200,OK,For each user - Log in - Create Site - Upload Document - Searches - Log out 3-8,text,true,0,25,25,0
1440100760928,2,Log out,401,Unauthorized,For each user - Log in - Create Site - Upload Document - Searches - Log out 3-12,,true,387,25,25,2
1440100761216,1,Log out,Non HTTP response code: java.net.SocketException,Non HTTP response message: Software caused connection abort: recv failed,For each user - Log in - Create Site - Upload Document - Searches - Log out 3-2,text,false,2693,25,25,0
1440100762600,2,Print Test Loops Info,200,OK,For each user - Log in - Create Site - Upload Document - Searches - Log out 3-16,text,true,0,25,25,0
1440100764532,1688,Login,200,OK,For each user - Log in - Create Site - Upload Document - Searches - Log out 3-9,text,true,95191,25,25,0
1440100767115,2,Print Test Loops Info,200,OK,For each user - Log in - Create Site - Upload Document - Searches - Log out 3-7,text,true,0,25,25,0
1440100767775,2,Log out,401,Unauthorized,For each user - Log in - Create Site - Upload Document - Searches - Log out 3-13,,true,387,25,25,2
1440100768100,1,Log out,Non HTTP response code: org.apache.http.NoHttpResponseException,Non HTTP response message: 192.168.56.1:8080 failed to respond,For each user - Log in - Create Site - Upload Document - Searches - Log out 3-1,text,false,2183,25,25,0
1440100766642,1578,Login,200,OK,For each user - Log in - Create Site - Upload Document - Searches - Log out 3-15,text,true,95191,25,25,0
1440100769991,2,Print Test Loops Info,200,OK,For each user - Log in - Create Site - Upload Document - Searches - Log out 3-17,text,true,0,25,25,0
1440100768661,1624,Login,200,OK,For each user - Log in - Create Site - Upload Document - Searches - Log out 3-8,text,true,94717,25,25,0
1440100774468,2,Print Test Loops Info,200,OK,For each user - Log in - Create Site - Upload Document - Searches - Log out 3-18,text,true,0,25,25,0
1440100774717,0,Log out,Non HTTP response code: org.apache.http.NoHttpResponseException,Non HTTP response message: 192.168.56.1:8080 failed to respond,For each user - Log in - Create Site - Upload Document - Searches - Log out 3-9,text,false,2183,25,25,0
1440100773732,1507,Login,200,OK,For each user - Log in - Create Site - Upload Document - Searches - Log out 3-16,text,true,94717,25,25,0
1440100775901,12,Print Test Loops Info,200,OK,For each user - Log in - Create Site - Upload Document - Searches - Log out 3-5,text,true,0,25,25,0
1440100776447,3,Log out,401,Unauthorized,For each user - Log in - Create Site - Upload Document - Searches - Log out 3-15,,true,387,25,25,3
1440100775848,1585,Login,200,OK,For each user - Log in - Create Site - Upload Document - Searches - Log out 3-7,text,true,94717,25,25,0
1440100779637,0,Log out,Non HTTP response code: org.apache.http.NoHttpResponseException,Non HTTP response message: 192.168.56.1:8080 failed to respond,For each user - Log in - Create Site - Upload Document - Searches - Log out 3-8,text,false,2183,25,25,0
1440100780683,1771,Login,200,OK,For each user - Log in - Create Site - Upload Document - Searches - Log out 3-17,text,true,94717,25,25,0
1440100782831,2,Log out,401,Unauthorized,For each user - Log in - Create Site - Upload Document - Searches - Log out 3-16,,true,387,25,25,2
1440100783677,2,Print Test Loops Info,200,OK,For each user - Log in - Create Site - Upload Document - Searches - Log out 3-19,text,true,0,25,25,0
1440100784683,1807,Login,200,OK,For each user - Log in - Create Site - Upload Document - Searches - Log out 3-18,text,true,97159,25,25,0
1440100786590,1,Log out,Non HTTP response code: org.apache.http.NoHttpResponseException,Non HTTP response message: 192.168.56.1:8080 failed to respond,For each user - Log in - Create Site - Upload Document - Searches - Log out 3-7,text,false,2183,25,25,0
1440100787342,1612,Login,200,OK,For each user - Log in - Create Site - Upload Document - Searches - Log out 3-5,text,true,94717,25,25,0
1440100790507,3,Print Test Loops Info,200,OK,For each user - Log in - Create Site - Upload Document - Searches - Log out 3-3,text,true,0,25,25,0
1440100791328,2,Print Test Loops Info,200,OK,For each user - Log in - Create Site - Upload Document - Searches - Log out 3-15,text,true,0,25,25,0
1440100792018,2,Log out,401,Unauthorized,For each user - Log in - Create Site - Upload Document - Searches - Log out 3-17,,true,387,25,25,2
1440100791387,1718,Login,200,OK,For each user - Log in - Create Site - Upload Document - Searches - Log out 3-19,text,true,94642,25,25,0
1440100793924,3,Print Test Loops Info,200,OK,For each user - Log in - Create Site - Upload Document - Searches - Log out 3-9,text,true,0,25,25,0
1440100794246,2,Log out,401,Unauthorized,For each user - Log in - Create Site - Upload Document - Searches - Log out 3-18,,true,387,25,25,2
1440100796490,3,Print Test Loops Info,200,OK,For each user - Log in - Create Site - Upload Document - Searches - Log out 3-22,text,true,0,25,25,0
1440100797365,3,Print Test Loops Info,200,OK,For each user - Log in - Create Site - Upload Document - Searches - Log out 3-21,text,true,0,25,25,0
1440100798903,1,Log out,Non HTTP response code: java.net.SocketException,Non HTTP response message: Software caused connection abort: recv failed,For each user - Log in - Create Site - Upload Document - Searches - Log out 3-5,text,false,2693,25,25,0
1440100800239,3,Print Test Loops Info,200,OK,For each user - Log in - Create Site - Upload Document - Searches - Log out 3-23,text,true,0,25,25,0
1440100801157,3,Log out,401,Unauthorized,For each user - Log in - Create Site - Upload Document - Searches - Log out 3-19,,true,387,25,25,3
1440100800312,1978,Login,200,OK,For each user - Log in - Create Site - Upload Document - Searches - Log out 3-3,text,true,94642,25,25,0
1440100800539,1924,Login,200,OK,For each user - Log in - Create Site - Upload Document - Searches - Log out 3-15,text,true,94642,25,25,0
1440100804128,3,Print Test Loops Info,200,OK,For each user - Log in - Create Site - Upload Document - Searches - Log out 3-1,text,true,0,25,25,0
1440100804895,2,Print Test Loops Info,200,OK,For each user - Log in - Create Site - Upload Document - Searches - Log out 3-13,text,true,0,25,25,0
1440100804283,1793,Login,200,OK,For each user - Log in - Create Site - Upload Document - Searches - Log out 3-9,text,true,94642,25,25,0
1440100807291,3,Print Test Loops Info,200,OK,For each user - Log in - Create Site - Upload Document - Searches - Log out 3-2,text,true,0,25,25,0
1440100806742,1024,Login,200,OK,For each user - Log in - Create Site - Upload Document - Searches - Log out 3-22,text,true,39497,25,25,0
1440100807931,2,Print Test Loops Info,200,OK,For each user - Log in - Create Site - Upload Document - Searches - Log out 3-24,text,true,0,25,25,0
1440100808114,1024,Login,200,OK,For each user - Log in - Create Site - Upload Document - Searches - Log out 3-21,text,true,39497,25,25,0
1440100812333,2,Print Test Loops Info,200,OK,For each user - Log in - Create Site - Upload Document - Searches - Log out 3-12,text,true,0,25,25,0
1440100812940,0,Log out,Non HTTP response code: org.apache.http.NoHttpResponseException,Non HTTP response message: 192.168.56.1:8080 failed to respond,For each user - Log in - Create Site - Upload Document - Searches - Log out 3-3,text,false,2183,25,25,0
1440100813443,2,Print Test Loops Info,200,OK,For each user - Log in - Create Site - Upload Document - Searches - Log out 3-11,text,true,0,25,25,0
1440100812692,1090,Login,200,OK,For each user - Log in - Create Site - Upload Document - Searches - Log out 3-23,text,true,39497,25,25,0
1440100814107,5,Print Test Loops Info,200,OK,For each user - Log in - Create Site - Upload Document - Searches - Log out 3-10,text,true,0,25,25,0
1440100813102,1171,Login,200,OK,For each user - Log in - Create Site - Upload Document - Searches - Log out 3-1,text,true,39497,25,25,0
1440100814870,1,Log out,Non HTTP response code: org.apache.http.NoHttpResponseException,Non HTTP response message: 192.168.56.1:8080 failed to respond,For each user - Log in - Create Site - Upload Document - Searches - Log out 3-15,text,false,2183,25,25,0
1440100813573,1186,Login,200,OK,For each user - Log in - Create Site - Upload Document - Searches - Log out 3-13,text,true,39495,25,25,0
1440100816420,2,Print Test Loops Info,200,OK,For each user - Log in - Create Site - Upload Document - Searches - Log out 3-25,text,true,0,25,25,0
1440100817059,2,Log out,401,Unauthorized,For each user - Log in - Create Site - Upload Document - Searches - Log out 3-9,,true,387,25,25,2
1440100817907,3,Log out,401,Unauthorized,For each user - Log in - Create Site - Upload Document - Searches - Log out 3-22,,true,387,24,24,3
1440100818272,2,Log out,401,Unauthorized,For each user - Log in - Create Site - Upload Document - Searches - Log out 3-21,,true,387,24,24,2
1440100818411,2,Print Test Loops Info,200,OK,For each user - Log in - Create Site - Upload Document - Searches - Log out 3-4,text,true,0,24,24,0
1440100818201,1861,Login,200,OK,For each user - Log in - Create Site - Upload Document - Searches - Log out 3-2,text,true,95191,24,24,0
1440100818472,1739,Login,200,OK,For each user - Log in - Create Site - Upload Document - Searches - Log out 3-24,text,true,95191,24,24,0
1440100821935,3,Print Test Loops Info,200,OK,For each user - Log in - Create Site - Upload Document - Searches - Log out 3-14,text,true,0,24,24,0
1440100821442,1593,Login,200,OK,For each user - Log in - Create Site - Upload Document - Searches - Log out 3-10,text,true,95191,24,24,0
1440100823556,2,Log out,401,Unauthorized,For each user - Log in - Create Site - Upload Document - Searches - Log out 3-1,,true,387,24,24,2
1440100824017,2,Print Test Loops Info,200,OK,For each user - Log in - Create Site - Upload Document - Searches - Log out 3-6,text,true,0,23,23,0
1440100824087,1,Log out,Non HTTP response code: java.net.SocketException,Non HTTP response message: Software caused connection abort: recv failed,For each user - Log in - Create Site - Upload Document - Searches - Log out 3-13,text,false,2693,23,23,0
1440100824538,2,Log out,401,Unauthorized,For each user - Log in - Create Site - Upload Document - Searches - Log out 3-23,,true,387,23,23,2
1440100823102,2148,Login,200,OK,For each user - Log in - Create Site - Upload Document - Searches - Log out 3-11,text,true,95191,23,23,0
1440100823251,2179,Login,200,OK,For each user - Log in - Create Site - Upload Document - Searches - Log out 3-12,text,true,95191,23,23,0
1440100825673,3,Print Test Loops Info,200,OK,For each user - Log in - Create Site - Upload Document - Searches - Log out 3-19,text,true,0,23,23,0
1440100827180,2,Print Test Loops Info,200,OK,For each user - Log in - Create Site - Upload Document - Searches - Log out 3-5,text,true,0,23,23,0
1440100826400,1704,Login,200,OK,For each user - Log in - Create Site - Upload Document - Searches - Log out 3-25,text,true,95191,23,23,0
1440100828474,3,Print Test Loops Info,200,OK,For each user - Log in - Create Site - Upload Document - Searches - Log out 3-18,text,true,0,23,23,0
1440100828611,2,Log out,401,Unauthorized,For each user - Log in - Create Site - Upload Document - Searches - Log out 3-2,,true,387,23,23,2
1440100828512,1763,Login,200,OK,For each user - Log in - Create Site - Upload Document - Searches - Log out 3-4,text,true,95191,22,22,0
1440100830241,2,Log out,401,Unauthorized,For each user - Log in - Create Site - Upload Document - Searches - Log out 3-24,,true,387,22,22,2
1440100831373,0,Log out,Non HTTP response code: org.apache.http.NoHttpResponseException,Non HTTP response message: 192.168.56.1:8080 failed to respond,For each user - Log in - Create Site - Upload Document - Searches - Log out 3-12,text,false,2183,22,22,0
1440100832898,6,Print Test Loops Info,200,OK,For each user - Log in - Create Site - Upload Document - Searches - Log out 3-17,text,true,0,22,22,0
1440100832943,1,Log out,Non HTTP response code: org.apache.http.NoHttpResponseException,Non HTTP response message: 192.168.56.1:8080 failed to respond,For each user - Log in - Create Site - Upload Document - Searches - Log out 3-11,text,false,2183,22,22,0
1440100832964,1,Log out,Non HTTP response code: org.apache.http.NoHttpResponseException,Non HTTP response message: 192.168.56.1:8080 failed to respond,For each user - Log in - Create Site - Upload Document - Searches - Log out 3-10,text,false,2183,22,22,0
1440100831361,1812,Login,200,OK,For each user - Log in - Create Site - Upload Document - Searches - Log out 3-14,text,true,95191,22,22,0
1440100833265,1688,Login,200,OK,For each user - Log in - Create Site - Upload Document - Searches - Log out 3-6,text,true,95191,22,22,0
1440100835735,2,Log out,401,Unauthorized,For each user - Log in - Create Site - Upload Document - Searches - Log out 3-25,,true,387,22,22,2
1440100835827,2,Print Test Loops Info,200,OK,For each user - Log in - Create Site - Upload Document - Searches - Log out 3-7,text,true,0,22,22,0
1440100835422,1754,Login,200,OK,For each user - Log in - Create Site - Upload Document - Searches - Log out 3-19,text,true,95191,22,22,0
1440100837542,4,Print Test Loops Info,200,OK,For each user - Log in - Create Site - Upload Document - Searches - Log out 3-16,text,true,0,22,22,0
1440100837648,3,Print Test Loops Info,200,OK,For each user - Log in - Create Site - Upload Document - Searches - Log out 3-8,text,true,0,22,22,0
1440100837870,2,Log out,401,Unauthorized,For each user - Log in - Create Site - Upload Document - Searches - Log out 3-4,,true,387,22,22,2
1440100835997,1855,Login,200,OK,For each user - Log in - Create Site - Upload Document - Searches - Log out 3-5,text,true,94717,22,22,0
1440100840177,3,Print Test Loops Info,200,OK,For each user - Log in - Create Site - Upload Document - Searches - Log out 3-20,text,true,0,21,21,0
1440100841188,2,Log out,401,Unauthorized,For each user - Log in - Create Site - Upload Document - Searches - Log out 3-14,,true,387,21,21,2
1440100839840,1665,Login,200,OK,For each user - Log in - Create Site - Upload Document - Searches - Log out 3-18,text,true,94717,21,21,0
1440100841933,1,Log out,Non HTTP response code: java.net.SocketException,Non HTTP response message: Software caused connection abort: recv failed,For each user - Log in - Create Site - Upload Document - Searches - Log out 3-6,text,false,2693,21,21,0
1440100841881,1683,Login,200,OK,For each user - Log in - Create Site - Upload Document - Searches - Log out 3-17,text,true,94717,21,21,0
1440100844477,1,Log out,Non HTTP response code: org.apache.http.NoHttpResponseException,Non HTTP response message: 192.168.56.1:8080 failed to respond,For each user - Log in - Create Site - Upload Document - Searches - Log out 3-19,text,false,2183,21,21,0
1440100844930,3,Print Test Loops Info,200,OK,For each user - Log in - Create Site - Upload Document - Searches - Log out 3-24,text,true,0,21,21,0
1440100846457,3,Print Test Loops Info,200,OK,For each user - Log in - Create Site - Upload Document - Searches - Log out 3-23,text,true,0,21,21,0
1440100847836,2,Log out,401,Unauthorized,For each user - Log in - Create Site - Upload Document - Searches - Log out 3-5,,true,387,21,21,2
1440100846252,2098,Login,200,OK,For each user - Log in - Create Site - Upload Document - Searches - Log out 3-7,text,true,94717,21,21,0
1440100848970,1,Log out,Non HTTP response code: java.net.SocketException,Non HTTP response message: Software caused connection abort: recv failed,For each user - Log in - Create Site - Upload Document - Searches - Log out 3-18,text,false,2693,21,21,0
1440100849348,6,Print Test Loops Info,200,OK,For each user - Log in - Create Site - Upload Document - Searches - Log out 3-13,text,true,0,20,20,0
1440100846734,2264,Login,200,OK,For each user - Log in - Create Site - Upload Document - Searches - Log out 3-16,text,true,94717,20,20,0
1440100848001,1649,Login,200,OK,For each user - Log in - Create Site - Upload Document - Searches - Log out 3-20,text,true,39497,20,20,0
1440100847062,2671,Login,200,OK,For each user - Log in - Create Site - Upload Document - Searches - Log out 3-8,text,true,97159,20,20,0
1440100850352,2,Print Test Loops Info,200,OK,For each user - Log in - Create Site - Upload Document - Searches - Log out 3-21,text,true,0,20,20,0
1440100853921,0,Log out,Non HTTP response code: org.apache.http.NoHttpResponseException,Non HTTP response message: 192.168.56.1:8080 failed to respond,For each user - Log in - Create Site - Upload Document - Searches - Log out 3-17,text,false,2183,20,20,0
1440100854460,2,Print Test Loops Info,200,OK,For each user - Log in - Create Site - Upload Document - Searches - Log out 3-22,text,true,0,20,20,0
1440100855200,3,Print Test Loops Info,200,OK,For each user - Log in - Create Site - Upload Document - Searches - Log out 3-15,text,true,0,20,20,0
1440100853797,1877,Login,200,OK,For each user - Log in - Create Site - Upload Document - Searches - Log out 3-24,text,true,94642,20,20,0
1440100856890,3,Print Test Loops Info,200,OK,For each user - Log in - Create Site - Upload Document - Searches - Log out 3-3,text,true,0,20,20,0
1440100857030,2,Log out,401,Unauthorized,For each user - Log in - Create Site - Upload Document - Searches - Log out 3-20,,true,387,20,20,2
1440100858087,6,Log out,401,Unauthorized,For each user - Log in - Create Site - Upload Document - Searches - Log out 3-7,,true,387,20,20,6
1440100858304,2,Log out,401,Unauthorized,For each user - Log in - Create Site - Upload Document - Searches - Log out 3-8,,true,387,19,19,2
1440100856588,1721,Login,200,OK,For each user - Log in - Create Site - Upload Document - Searches - Log out 3-23,text,true,94642,19,19,0
1440100859283,1,Log out,Non HTTP response code: org.apache.http.NoHttpResponseException,Non HTTP response message: 192.168.56.1:8080 failed to respond,For each user - Log in - Create Site - Upload Document - Searches - Log out 3-16,text,false,2183,18,18,0
1440100859764,3,Print Test Loops Info,200,OK,For each user - Log in - Create Site - Upload Document - Searches - Log out 3-19,text,true,0,18,18,0
1440100858929,1776,Login,200,OK,For each user - Log in - Create Site - Upload Document - Searches - Log out 3-13,text,true,94642,18,18,0
1440100860097,1085,Login,200,OK,For each user - Log in - Create Site - Upload Document - Searches - Log out 3-21,text,true,39497,18,18,0
1440100861269,3,Print Test Loops Info,200,OK,For each user - Log in - Create Site - Upload Document - Searches - Log out 3-6,text,true,0,18,18,0
1440100862011,2,Print Test Loops Info,200,OK,For each user - Log in - Create Site - Upload Document - Searches - Log out 3-14,text,true,0,18,18,0
1440100865440,1,Log out,Non HTTP response code: org.apache.http.NoHttpResponseException,Non HTTP response message: 192.168.56.1:8080 failed to respond,For each user - Log in - Create Site - Upload Document - Searches - Log out 3-23,text,false,2183,18,18,0
1440100865767,23,Print Test Loops Info,200,OK,For each user - Log in - Create Site - Upload Document - Searches - Log out 3-25,text,true,0,18,18,0
1440100866040,2,Print Test Loops Info,200,OK,For each user - Log in - Create Site - Upload Document - Searches - Log out 3-10,text,true,0,18,18,0
1440100866083,1,Log out,Non HTTP response code: java.net.SocketException,Non HTTP response message: Software caused connection abort: recv failed,For each user - Log in - Create Site - Upload Document - Searches - Log out 3-24,text,false,2693,18,18,0
1440100865044,1216,Login,200,OK,For each user - Log in - Create Site - Upload Document - Searches - Log out 3-22,text,true,39497,18,18,0
1440100865434,1397,Login,200,OK,For each user - Log in - Create Site - Upload Document - Searches - Log out 3-3,text,true,39497,18,18,0
1440100865636,1247,Login,200,OK,For each user - Log in - Create Site - Upload Document - Searches - Log out 3-15,text,true,39497,18,18,0
1440100867701,2,Print Test Loops Info,200,OK,For each user - Log in - Create Site - Upload Document - Searches - Log out 3-11,text,true,0,18,18,0
1440100870894,2,Log out,401,Unauthorized,For each user - Log in - Create Site - Upload Document - Searches - Log out 3-13,,true,387,18,18,2
1440100870169,1309,Login,200,OK,For each user - Log in - Create Site - Upload Document - Searches - Log out 3-19,text,true,39497,17,17,0
1440100869793,2394,Login,200,OK,For each user - Log in - Create Site - Upload Document - Searches - Log out 3-6,text,true,95191,17,17,0
1440100870242,2115,Login,200,OK,For each user - Log in - Create Site - Upload Document - Searches - Log out 3-14,text,true,95191,17,17,0
1440100872489,9,Print Test Loops Info,200,OK,For each user - Log in - Create Site - Upload Document - Searches - Log out 3-12,text,true,0,17,17,0
1440100872727,2,Print Test Loops Info,200,OK,For each user - Log in - Create Site - Upload Document - Searches - Log out 3-16,text,true,0,17,17,0
1440100872864,0,Log out,Non HTTP response code: org.apache.http.NoHttpResponseException,Non HTTP response message: 192.168.56.1:8080 failed to respond,For each user - Log in - Create Site - Upload Document - Searches - Log out 3-21,text,false,2183,17,17,0
1440100873850,1,Log out,Non HTTP response code: java.net.SocketException,Non HTTP response message: Software caused connection abort: recv failed,For each user - Log in - Create Site - Upload Document - Searches - Log out 3-22,text,false,2693,17,17,0
1440100875075,1794,Login,200,OK,For each user - Log in - Create Site - Upload Document - Searches - Log out 3-25,text,true,95191,17,17,0
1440100874766,2311,Login,200,OK,For each user - Log in - Create Site - Upload Document - Searches - Log out 3-10,text,true,95191,17,17,0
1440100877266,1,Log out,401,Unauthorized,For each user - Log in - Create Site - Upload Document - Searches - Log out 3-15,,true,387,17,17,1
1440100877722,8,Log out,401,Unauthorized,For each user - Log in - Create Site - Upload Document - Searches - Log out 3-3,,true,387,16,16,8
1440100878232,3,Print Test Loops Info,200,OK,For each user - Log in - Create Site - Upload Document - Searches - Log out 3-17,text,true,0,15,15,0
1440100876010,2183,Login,200,OK,For each user - Log in - Create Site - Upload Document - Searches - Log out 3-11,text,true,95191,15,15,0
1440100879499,2,Log out,401,Unauthorized,For each user - Log in - Create Site - Upload Document - Searches - Log out 3-19,,true,387,15,15,2
1440100879897,3,Print Test Loops Info,200,OK,For each user - Log in - Create Site - Upload Document - Searches - Log out 3-20,text,true,0,14,14,0
1440100880371,2,Log out,401,Unauthorized,For each user - Log in - Create Site - Upload Document - Searches - Log out 3-6,,true,387,14,14,2
1440100880274,1970,Login,200,OK,For each user - Log in - Create Site - Upload Document - Searches - Log out 3-12,text,true,95191,13,13,0
1440100880362,1936,Login,200,OK,For each user - Log in - Create Site - Upload Document - Searches - Log out 3-16,text,true,95191,13,13,0
1440100882773,3,Print Test Loops Info,200,OK,For each user - Log in - Create Site - Upload Document - Searches - Log out 3-18,text,true,0,13,13,0
1440100883151,1,Log out,Non HTTP response code: org.apache.http.NoHttpResponseException,Non HTTP response message: 192.168.56.1:8080 failed to respond,For each user - Log in - Create Site - Upload Document - Searches - Log out 3-14,text,false,2183,13,13,0
1440100884184,3,Print Test Loops Info,200,OK,For each user - Log in - Create Site - Upload Document - Searches - Log out 3-24,text,true,0,13,13,0
1440100884843,2,Log out,401,Unauthorized,For each user - Log in - Create Site - Upload Document - Searches - Log out 3-10,,true,387,13,13,2
1440100885089,1,Log out,Non HTTP response code: org.apache.http.NoHttpResponseException,Non HTTP response message: 192.168.56.1:8080 failed to respond,For each user - Log in - Create Site - Upload Document - Searches - Log out 3-25,text,false,2183,12,12,0
1440100886045,2,Log out,401,Unauthorized,For each user - Log in - Create Site - Upload Document - Searches - Log out 3-11,,true,387,12,12,2
1440100885139,1713,Login,200,OK,For each user - Log in - Create Site - Upload Document - Searches - Log out 3-17,text,true,95191,11,11,0
1440100887010,2,Print Test Loops Info,200,OK,For each user - Log in - Create Site - Upload Document - Searches - Log out 3-22,text,true,0,11,11,0
1440100887044,2,Print Test Loops Info,200,OK,For each user - Log in - Create Site - Upload Document - Searches - Log out 3-23,text,true,0,11,11,0
1440100887687,1496,Login,200,OK,For each user - Log in - Create Site - Upload Document - Searches - Log out 3-20,text,true,95191,11,11,0
1440100890784,2,Print Test Loops Info,200,OK,For each user - Log in - Create Site - Upload Document - Searches - Log out 3-21,text,true,0,11,11,0
1440100891431,2,Log out,401,Unauthorized,For each user - Log in - Create Site - Upload Document - Searches - Log out 3-12,,true,387,11,11,2
1440100891587,2,Log out,401,Unauthorized,For each user - Log in - Create Site - Upload Document - Searches - Log out 3-16,,true,387,11,11,2
1440100890945,1616,Login,200,OK,For each user - Log in - Create Site - Upload Document - Searches - Log out 3-18,text,true,95191,9,9,0
1440100895030,2,Print Test Loops Info,200,OK,For each user - Log in - Create Site - Upload Document - Searches - Log out 3-25,text,true,0,9,9,0
1440100895788,2,Print Test Loops Info,200,OK,For each user - Log in - Create Site - Upload Document - Searches - Log out 3-14,text,true,0,9,9,0
1440100894901,1762,Login,200,OK,For each user - Log in - Create Site - Upload Document - Searches - Log out 3-24,text,true,94717,9,9,0
1440100895343,1875,Login,200,OK,For each user - Log in - Create Site - Upload Document - Searches - Log out 3-23,text,true,94717,9,9,0
1440100897748,2,Log out,401,Unauthorized,For each user - Log in - Create Site - Upload Document - Searches - Log out 3-17,,true,387,9,9,2
1440100896306,1632,Login,200,OK,For each user - Log in - Create Site - Upload Document - Searches - Log out 3-22,text,true,94717,8,8,0
1440100900625,1,Log out,Non HTTP response code: org.apache.http.NoHttpResponseException,Non HTTP response message: 192.168.56.1:8080 failed to respond,For each user - Log in - Create Site - Upload Document - Searches - Log out 3-20,text,false,2183,8,8,0
1440100900416,1635,Login,200,OK,For each user - Log in - Create Site - Upload Document - Searches - Log out 3-21,text,true,94717,8,8,0
1440100903015,2,Log out,401,Unauthorized,For each user - Log in - Create Site - Upload Document - Searches - Log out 3-18,,true,387,8,8,2
1440100904258,1,Log out,401,Unauthorized,For each user - Log in - Create Site - Upload Document - Searches - Log out 3-24,,true,387,7,7,1
1440100904794,1542,Login,200,OK,For each user - Log in - Create Site - Upload Document - Searches - Log out 3-25,text,true,97159,6,6,0
1440100907362,1,Log out,401,Unauthorized,For each user - Log in - Create Site - Upload Document - Searches - Log out 3-23,,true,387,6,6,1
1440100908075,2,Log out,401,Unauthorized,For each user - Log in - Create Site - Upload Document - Searches - Log out 3-22,,true,387,5,5,2
1440100906978,1522,Login,200,OK,For each user - Log in - Create Site - Upload Document - Searches - Log out 3-14,text,true,94717,4,4,0
1440100910305,2,Log out,401,Unauthorized,For each user - Log in - Create Site - Upload Document - Searches - Log out 3-21,,true,387,4,4,2
1440100911806,3,Print Test Loops Info,200,OK,For each user - Log in - Create Site - Upload Document - Searches - Log out 3-20,text,true,0,3,3,0
1440100915473,1,Log out,401,Unauthorized,For each user - Log in - Create Site - Upload Document - Searches - Log out 3-25,,true,387,3,3,1
1440100918482,2,Log out,401,Unauthorized,For each user - Log in - Create Site - Upload Document - Searches - Log out 3-14,,true,387,2,2,2
1440100920414,1492,Login,200,OK,For each user - Log in - Create Site - Upload Document - Searches - Log out 3-20,text,true,94642,1,1,0
1440100931084,2,Log out,401,Unauthorized,For each user - Log in - Create Site - Upload Document - Searches - Log out 3-20,,true,387,1,1,2
1440100934303,4,Print Test Finished,200,OK,Test completed 4-1,text,true,0,1,1,0
1440100940520,12,Print Test Started,200,OK,Test Started 1-1,text,true,0,1,1,0
1440100944020,5,Print Creating Users,200,OK,Create Users 2-1,text,true,0,1,1,0
1440100944072,83,Log in,200,OK,Create Users 2-1,text,true,39326,1,1,75
1440100944161,13,Admin Console,200,OK,Create Users 2-1,text,true,38931,1,1,8
1440100944176,4,authentication,401,Unauthorized,Create Users 2-1,,false,207,1,1,4
1440100963901,1,Log out,401,Unauthorized,Create Users 2-1,,true,387,1,1,1
1440100976725,5,Print Test Loops Info,200,OK,For each user - Log in - Create Site - Upload Document - Searches - Log out 3-1,text,true,0,6,6,0
