1449851383043,0,Threads Count,,10.0,,,true,0,0,0,0
1449851383044,0,Threads Busy,,4.0,,,true,0,0,0,0
1449851384050,0,Threads Count,,10.0,,,true,0,0,0,0
1449851384052,0,Threads Busy,,4.0,,,true,0,0,0,0
1449851385058,0,Threads Count,,10.0,,,true,0,0,0,0
1449851385060,0,Threads Busy,,4.0,,,true,0,0,0,0
1449851386064,0,Threads Count,,10.0,,,true,0,0,0,0
1449851386065,0,Threads Busy,,7.0,,,true,0,0,0,0
1449851387070,0,Threads Count,,10.0,,,true,0,0,0,0
1449851387071,0,Threads Busy,,7.0,,,true,0,0,0,0
1449851388075,0,Threads Count,,10.0,,,true,0,0,0,0
1449851388076,0,Threads Busy,,7.0,,,true,0,0,0,0
1449851389080,0,Threads Count,,10.0,,,true,0,0,0,0
1449851389080,0,Threads Busy,,7.0,,,true,0,0,0,0
1449851390087,0,Threads Count,,10.0,,,true,0,0,0,0
1449851390087,0,Threads Busy,,7.0,,,true,0,0,0,0
1449851391094,0,Threads Count,,10.0,,,true,0,0,0,0
1449851391095,0,Threads Busy,,7.0,,,true,0,0,0,0
1449851392101,0,Threads Count,,10.0,,,true,0,0,0,0
1449851392101,0,Threads Busy,,7.0,,,true,0,0,0,0
1449851393108,0,Threads Count,,10.0,,,true,0,0,0,0
1449851393109,0,Threads Busy,,7.0,,,true,0,0,0,0
1449851394113,0,Threads Count,,10.0,,,true,0,0,0,0
1449851394114,0,Threads Busy,,7.0,,,true,0,0,0,0
1449851395118,0,Threads Count,,10.0,,,true,0,0,0,0
1449851395119,0,Threads Busy,,7.0,,,true,0,0,0,0
1449851396124,0,Threads Count,,10.0,,,true,0,0,0,0
1449851396126,0,Threads Busy,,7.0,,,true,0,0,0,0
1449851397132,0,Threads Count,,10.0,,,true,0,0,0,0
1449851397134,0,Threads Busy,,7.0,,,true,0,0,0,0
1449851398138,0,Threads Count,,10.0,,,true,0,0,0,0
1449851398139,0,Threads Busy,,7.0,,,true,0,0,0,0
1449851399145,0,Threads Count,,10.0,,,true,0,0,0,0
1449851399146,0,Threads Busy,,7.0,,,true,0,0,0,0
1449851400150,0,Threads Count,,10.0,,,true,0,0,0,0
1449851400150,0,Threads Busy,,7.0,,,true,0,0,0,0
1449851401156,0,Threads Count,,10.0,,,true,0,0,0,0
1449851401157,0,Threads Busy,,7.0,,,true,0,0,0,0
1449851402163,0,Threads Count,,10.0,,,true,0,0,0,0
1449851402164,0,Threads Busy,,7.0,,,true,0,0,0,0
1449851403171,0,Threads Count,,10.0,,,true,0,0,0,0
1449851403171,0,Threads Busy,,7.0,,,true,0,0,0,0
1449851404176,0,Threads Count,,10.0,,,true,0,0,0,0
1449851404177,0,Threads Busy,,7.0,,,true,0,0,0,0
1449851405183,0,Threads Count,,10.0,,,true,0,0,0,0
1449851405184,0,Threads Busy,,7.0,,,true,0,0,0,0
1449851406186,0,Threads Count,,10.0,,,true,0,0,0,0
1449851406187,0,Threads Busy,,7.0,,,true,0,0,0,0
1449851407190,0,Threads Count,,10.0,,,true,0,0,0,0
1449851407191,0,Threads Busy,,7.0,,,true,0,0,0,0
1449851408197,0,Threads Count,,10.0,,,true,0,0,0,0
1449851408198,0,Threads Busy,,7.0,,,true,0,0,0,0
1449851409204,0,Threads Count,,10.0,,,true,0,0,0,0
1449851409205,0,Threads Busy,,7.0,,,true,0,0,0,0
1449851410212,0,Threads Count,,10.0,,,true,0,0,0,0
1449851410212,0,Threads Busy,,7.0,,,true,0,0,0,0
1449851411218,0,Threads Count,,10.0,,,true,0,0,0,0
1449851411219,0,Threads Busy,,7.0,,,true,0,0,0,0
1449851412224,0,Threads Count,,10.0,,,true,0,0,0,0
1449851412224,0,Threads Busy,,7.0,,,true,0,0,0,0
1449851413230,0,Threads Count,,10.0,,,true,0,0,0,0
1449851413230,0,Threads Busy,,7.0,,,true,0,0,0,0
1449851414236,0,Threads Count,,10.0,,,true,0,0,0,0
1449851414238,0,Threads Busy,,7.0,,,true,0,0,0,0
1449851415240,0,Threads Count,,10.0,,,true,0,0,0,0
1449851415241,0,Threads Busy,,7.0,,,true,0,0,0,0
1449851416244,0,Threads Count,,10.0,,,true,0,0,0,0
1449851416245,0,Threads Busy,,7.0,,,true,0,0,0,0
1449851417248,0,Threads Count,,10.0,,,true,0,0,0,0
1449851417249,0,Threads Busy,,7.0,,,true,0,0,0,0
1449851418255,0,Threads Count,,10.0,,,true,0,0,0,0
1449851418256,0,Threads Busy,,7.0,,,true,0,0,0,0
1449851419262,0,Threads Count,,10.0,,,true,0,0,0,0
1449851419263,0,Threads Busy,,7.0,,,true,0,0,0,0
1449851420267,0,Threads Count,,10.0,,,true,0,0,0,0
1449851420268,0,Threads Busy,,7.0,,,true,0,0,0,0
1449851421272,0,Threads Count,,10.0,,,true,0,0,0,0
1449851421273,0,Threads Busy,,7.0,,,true,0,0,0,0
1449851422279,0,Threads Count,,10.0,,,true,0,0,0,0
1449851422279,0,Threads Busy,,7.0,,,true,0,0,0,0
1449851423285,0,Threads Count,,10.0,,,true,0,0,0,0
1449851423286,0,Threads Busy,,7.0,,,true,0,0,0,0
1449851424292,0,Threads Count,,10.0,,,true,0,0,0,0
1449851424293,0,Threads Busy,,7.0,,,true,0,0,0,0
1449851425296,0,Threads Count,,10.0,,,true,0,0,0,0
1449851425296,0,Threads Busy,,7.0,,,true,0,0,0,0
1449851426302,0,Threads Count,,10.0,,,true,0,0,0,0
1449851426302,0,Threads Busy,,7.0,,,true,0,0,0,0
1449851427308,0,Threads Count,,10.0,,,true,0,0,0,0
1449851427309,0,Threads Busy,,7.0,,,true,0,0,0,0
1449851428315,0,Threads Count,,10.0,,,true,0,0,0,0
1449851428316,0,Threads Busy,,7.0,,,true,0,0,0,0
1449851429323,0,Threads Count,,10.0,,,true,0,0,0,0
1449851429323,0,Threads Busy,,7.0,,,true,0,0,0,0
1449851430330,0,Threads Count,,10.0,,,true,0,0,0,0
1449851430331,0,Threads Busy,,7.0,,,true,0,0,0,0
1449851431337,0,Threads Count,,10.0,,,true,0,0,0,0
1449851431338,0,Threads Busy,,7.0,,,true,0,0,0,0
1449851432344,0,Threads Count,,10.0,,,true,0,0,0,0
1449851432346,0,Threads Busy,,7.0,,,true,0,0,0,0
1449851433351,0,Threads Count,,10.0,,,true,0,0,0,0
1449851433352,0,Threads Busy,,7.0,,,true,0,0,0,0
1449851434357,0,Threads Count,,10.0,,,true,0,0,0,0
1449851434358,0,Threads Busy,,7.0,,,true,0,0,0,0
1449851435364,0,Threads Count,,10.0,,,true,0,0,0,0
1449851435365,0,Threads Busy,,7.0,,,true,0,0,0,0
1449851436371,0,Threads Count,,10.0,,,true,0,0,0,0
1449851436372,0,Threads Busy,,7.0,,,true,0,0,0,0
1449851437378,0,Threads Count,,10.0,,,true,0,0,0,0
1449851437380,0,Threads Busy,,7.0,,,true,0,0,0,0
1449851438382,0,Threads Count,,10.0,,,true,0,0,0,0
1449851438383,0,Threads Busy,,7.0,,,true,0,0,0,0
1449851439388,0,Threads Count,,10.0,,,true,0,0,0,0
1449851439389,0,Threads Busy,,7.0,,,true,0,0,0,0
1449851440394,0,Threads Count,,10.0,,,true,0,0,0,0
1449851440396,0,Threads Busy,,7.0,,,true,0,0,0,0
1449851441399,0,Threads Count,,10.0,,,true,0,0,0,0
1449851441400,0,Threads Busy,,7.0,,,true,0,0,0,0
1449851442407,0,Threads Count,,10.0,,,true,0,0,0,0
1449851442408,0,Threads Busy,,7.0,,,true,0,0,0,0
1449851443414,0,Threads Count,,10.0,,,true,0,0,0,0
1449851443414,0,Threads Busy,,7.0,,,true,0,0,0,0
1449851444418,0,Threads Count,,10.0,,,true,0,0,0,0
1449851444419,0,Threads Busy,,7.0,,,true,0,0,0,0
1449851445425,0,Threads Count,,10.0,,,true,0,0,0,0
1449851445426,0,Threads Busy,,7.0,,,true,0,0,0,0
1449851446430,0,Threads Count,,10.0,,,true,0,0,0,0
1449851446431,0,Threads Busy,,7.0,,,true,0,0,0,0
1449851447435,0,Threads Count,,10.0,,,true,0,0,0,0
1449851447437,0,Threads Busy,,7.0,,,true,0,0,0,0
1449851448443,0,Threads Count,,10.0,,,true,0,0,0,0
1449851448443,0,Threads Busy,,7.0,,,true,0,0,0,0
1449851449448,0,Threads Count,,10.0,,,true,0,0,0,0
1449851449448,0,Threads Busy,,7.0,,,true,0,0,0,0
1449851450454,0,Threads Count,,10.0,,,true,0,0,0,0
1449851450455,0,Threads Busy,,7.0,,,true,0,0,0,0
1449851451459,0,Threads Count,,10.0,,,true,0,0,0,0
1449851451460,0,Threads Busy,,7.0,,,true,0,0,0,0
1449851452467,0,Threads Count,,10.0,,,true,0,0,0,0
1449851452467,0,Threads Busy,,7.0,,,true,0,0,0,0
1449851453469,0,Threads Count,,10.0,,,true,0,0,0,0
1449851453470,0,Threads Busy,,7.0,,,true,0,0,0,0
1449851454473,0,Threads Count,,10.0,,,true,0,0,0,0
1449851454474,0,Threads Busy,,7.0,,,true,0,0,0,0
1449851455480,0,Threads Count,,10.0,,,true,0,0,0,0
1449851455480,0,Threads Busy,,7.0,,,true,0,0,0,0
1449851456484,0,Threads Count,,10.0,,,true,0,0,0,0
1449851456485,0,Threads Busy,,7.0,,,true,0,0,0,0
1449851457487,0,Threads Count,,10.0,,,true,0,0,0,0
1449851457488,0,Threads Busy,,7.0,,,true,0,0,0,0
1449851458493,0,Threads Count,,10.0,,,true,0,0,0,0
1449851458494,0,Threads Busy,,7.0,,,true,0,0,0,0
1449851459497,0,Threads Count,,10.0,,,true,0,0,0,0
1449851459498,0,Threads Busy,,7.0,,,true,0,0,0,0
1449851460501,0,Threads Count,,10.0,,,true,0,0,0,0
1449851460502,0,Threads Busy,,7.0,,,true,0,0,0,0
1449851461508,0,Threads Count,,10.0,,,true,0,0,0,0
1449851461509,0,Threads Busy,,7.0,,,true,0,0,0,0
1449851462515,0,Threads Count,,10.0,,,true,0,0,0,0
1449851462516,0,Threads Busy,,7.0,,,true,0,0,0,0
1449851463521,0,Threads Count,,10.0,,,true,0,0,0,0
1449851463522,0,Threads Busy,,7.0,,,true,0,0,0,0
1449851464528,0,Threads Count,,10.0,,,true,0,0,0,0
1449851464529,0,Threads Busy,,7.0,,,true,0,0,0,0
1449852270018,0,Threads Count,,10.0,,,true,0,0,0,0
1449852270019,0,Threads Busy,,4.0,,,true,0,0,0,0
1449852271026,0,Threads Count,,10.0,,,true,0,0,0,0
1449852271026,0,Threads Busy,,5.0,,,true,0,0,0,0
1449852272033,0,Threads Count,,10.0,,,true,0,0,0,0
1449852272034,0,Threads Busy,,5.0,,,true,0,0,0,0
1449852273038,0,Threads Count,,10.0,,,true,0,0,0,0
1449852273039,0,Threads Busy,,5.0,,,true,0,0,0,0
1449852274043,0,Threads Count,,10.0,,,true,0,0,0,0
1449852274046,0,Threads Busy,,5.0,,,true,0,0,0,0
1449852275049,0,Threads Count,,10.0,,,true,0,0,0,0
1449852275050,0,Threads Busy,,5.0,,,true,0,0,0,0
1449852276055,0,Threads Count,,10.0,,,true,0,0,0,0
1449852276056,0,Threads Busy,,5.0,,,true,0,0,0,0
1449852277062,0,Threads Count,,10.0,,,true,0,0,0,0
1449852277062,0,Threads Busy,,5.0,,,true,0,0,0,0
1449852278067,0,Threads Count,,10.0,,,true,0,0,0,0
1449852278068,0,Threads Busy,,5.0,,,true,0,0,0,0
1449852279074,0,Threads Count,,10.0,,,true,0,0,0,0
1449852279074,0,Threads Busy,,5.0,,,true,0,0,0,0
1449852280081,0,Threads Count,,10.0,,,true,0,0,0,0
1449852280082,0,Threads Busy,,5.0,,,true,0,0,0,0
1449852281089,0,Threads Count,,10.0,,,true,0,0,0,0
1449852281090,0,Threads Busy,,5.0,,,true,0,0,0,0
1449852282096,0,Threads Count,,10.0,,,true,0,0,0,0
1449852282097,0,Threads Busy,,5.0,,,true,0,0,0,0
1449852283101,0,Threads Count,,10.0,,,true,0,0,0,0
1449852283101,0,Threads Busy,,5.0,,,true,0,0,0,0
1449852284106,0,Threads Count,,10.0,,,true,0,0,0,0
1449852284107,0,Threads Busy,,5.0,,,true,0,0,0,0
1449852285111,0,Threads Count,,10.0,,,true,0,0,0,0
1449852285112,0,Threads Busy,,6.0,,,true,0,0,0,0
1449852286118,0,Threads Count,,10.0,,,true,0,0,0,0
1449852286118,0,Threads Busy,,6.0,,,true,0,0,0,0
1449852287124,0,Threads Count,,10.0,,,true,0,0,0,0
1449852287126,0,Threads Busy,,6.0,,,true,0,0,0,0
1449852288131,0,Threads Count,,10.0,,,true,0,0,0,0
1449852288132,0,Threads Busy,,6.0,,,true,0,0,0,0
1449852289135,0,Threads Count,,10.0,,,true,0,0,0,0
1449852289135,0,Threads Busy,,6.0,,,true,0,0,0,0
1449852290140,0,Threads Count,,10.0,,,true,0,0,0,0
1449852290141,0,Threads Busy,,6.0,,,true,0,0,0,0
1449852291144,0,Threads Count,,10.0,,,true,0,0,0,0
1449852291145,0,Threads Busy,,6.0,,,true,0,0,0,0
1449852292149,0,Threads Count,,10.0,,,true,0,0,0,0
1449852292150,0,Threads Busy,,6.0,,,true,0,0,0,0
1449852293153,0,Threads Count,,10.0,,,true,0,0,0,0
1449852293154,0,Threads Busy,,6.0,,,true,0,0,0,0
1449852294161,0,Threads Count,,10.0,,,true,0,0,0,0
1449852294162,0,Threads Busy,,6.0,,,true,0,0,0,0
1449852295165,0,Threads Count,,10.0,,,true,0,0,0,0
1449852295165,0,Threads Busy,,6.0,,,true,0,0,0,0
1449852296171,0,Threads Count,,10.0,,,true,0,0,0,0
1449852296172,0,Threads Busy,,6.0,,,true,0,0,0,0
1449852297178,0,Threads Count,,10.0,,,true,0,0,0,0
1449852297179,0,Threads Busy,,6.0,,,true,0,0,0,0
1449852298185,0,Threads Count,,10.0,,,true,0,0,0,0
1449852298186,0,Threads Busy,,6.0,,,true,0,0,0,0
1449852299191,0,Threads Count,,10.0,,,true,0,0,0,0
1449852299192,0,Threads Busy,,6.0,,,true,0,0,0,0
1449852300198,0,Threads Count,,10.0,,,true,0,0,0,0
1449852300198,0,Threads Busy,,6.0,,,true,0,0,0,0
1449852301204,0,Threads Count,,10.0,,,true,0,0,0,0
1449852301205,0,Threads Busy,,6.0,,,true,0,0,0,0
1449852302213,0,Threads Count,,10.0,,,true,0,0,0,0
1449852302213,0,Threads Busy,,6.0,,,true,0,0,0,0
1449852303219,0,Threads Count,,10.0,,,true,0,0,0,0
1449852303220,0,Threads Busy,,6.0,,,true,0,0,0,0
1449852304226,0,Threads Count,,10.0,,,true,0,0,0,0
1449852304228,0,Threads Busy,,6.0,,,true,0,0,0,0
1449852305233,0,Threads Count,,10.0,,,true,0,0,0,0
1449852305233,0,Threads Busy,,6.0,,,true,0,0,0,0
1449852306238,0,Threads Count,,10.0,,,true,0,0,0,0
1449852306239,0,Threads Busy,,6.0,,,true,0,0,0,0
1449852307244,0,Threads Count,,10.0,,,true,0,0,0,0
1449852307245,0,Threads Busy,,6.0,,,true,0,0,0,0
1449852308249,0,Threads Count,,10.0,,,true,0,0,0,0
1449852308250,0,Threads Busy,,6.0,,,true,0,0,0,0
1449852309254,0,Threads Count,,10.0,,,true,0,0,0,0
1449852309254,0,Threads Busy,,6.0,,,true,0,0,0,0
1449852310260,0,Threads Count,,10.0,,,true,0,0,0,0
1449852310261,0,Threads Busy,,6.0,,,true,0,0,0,0
1449852311267,0,Threads Count,,10.0,,,true,0,0,0,0
1449852311268,0,Threads Busy,,6.0,,,true,0,0,0,0
1449852312273,0,Threads Count,,10.0,,,true,0,0,0,0
1449852312274,0,Threads Busy,,6.0,,,true,0,0,0,0
1449852313277,0,Threads Count,,10.0,,,true,0,0,0,0
1449852313278,0,Threads Busy,,6.0,,,true,0,0,0,0
1449852314283,0,Threads Count,,10.0,,,true,0,0,0,0
1449852314284,0,Threads Busy,,6.0,,,true,0,0,0,0
1449852315289,0,Threads Count,,10.0,,,true,0,0,0,0
1449852315289,0,Threads Busy,,7.0,,,true,0,0,0,0
1449852316295,0,Threads Count,,10.0,,,true,0,0,0,0
1449852316296,0,Threads Busy,,7.0,,,true,0,0,0,0
1449852317300,0,Threads Count,,10.0,,,true,0,0,0,0
1449852317301,0,Threads Busy,,7.0,,,true,0,0,0,0
1449852318308,0,Threads Count,,10.0,,,true,0,0,0,0
1449852318309,0,Threads Busy,,7.0,,,true,0,0,0,0
1449852319312,0,Threads Count,,10.0,,,true,0,0,0,0
1449852319313,0,Threads Busy,,7.0,,,true,0,0,0,0
1449852320318,0,Threads Count,,10.0,,,true,0,0,0,0
1449852320319,0,Threads Busy,,7.0,,,true,0,0,0,0
1449852321329,0,Threads Count,,10.0,,,true,0,0,0,0
1449852321330,0,Threads Busy,,7.0,,,true,0,0,0,0
1449852322336,0,Threads Count,,10.0,,,true,0,0,0,0
1449852322337,0,Threads Busy,,7.0,,,true,0,0,0,0
1449852323344,0,Threads Count,,10.0,,,true,0,0,0,0
1449852323344,0,Threads Busy,,7.0,,,true,0,0,0,0
1449852324350,0,Threads Count,,10.0,,,true,0,0,0,0
1449852324351,0,Threads Busy,,7.0,,,true,0,0,0,0
1449852325357,0,Threads Count,,10.0,,,true,0,0,0,0
1449852325358,0,Threads Busy,,7.0,,,true,0,0,0,0
1449852326361,0,Threads Count,,10.0,,,true,0,0,0,0
1449852326362,0,Threads Busy,,7.0,,,true,0,0,0,0
1449852327369,0,Threads Count,,10.0,,,true,0,0,0,0
1449852327369,0,Threads Busy,,7.0,,,true,0,0,0,0
1449852328374,0,Threads Count,,10.0,,,true,0,0,0,0
1449852328375,0,Threads Busy,,7.0,,,true,0,0,0,0
1449852329380,0,Threads Count,,10.0,,,true,0,0,0,0
1449852329381,0,Threads Busy,,7.0,,,true,0,0,0,0
1449852330384,0,Threads Count,,10.0,,,true,0,0,0,0
1449852330385,0,Threads Busy,,7.0,,,true,0,0,0,0
1449852331391,0,Threads Count,,11.0,,,true,0,0,0,0
1449852331391,0,Threads Busy,,9.0,,,true,0,0,0,0
1449852332452,0,Threads Count,,11.0,,,true,0,0,0,0
1449852332452,0,Threads Busy,,9.0,,,true,0,0,0,0
1449852333454,0,Threads Count,,11.0,,,true,0,0,0,0
1449852333455,0,Threads Busy,,9.0,,,true,0,0,0,0
1449852334459,0,Threads Count,,11.0,,,true,0,0,0,0
1449852334461,0,Threads Busy,,9.0,,,true,0,0,0,0
1449852335467,0,Threads Count,,11.0,,,true,0,0,0,0
1449852335468,0,Threads Busy,,9.0,,,true,0,0,0,0
1449852336472,0,Threads Count,,11.0,,,true,0,0,0,0
1449852336473,0,Threads Busy,,9.0,,,true,0,0,0,0
1449852337479,0,Threads Count,,11.0,,,true,0,0,0,0
1449852337480,0,Threads Busy,,9.0,,,true,0,0,0,0
1449852338486,0,Threads Count,,11.0,,,true,0,0,0,0
1449852338488,0,Threads Busy,,9.0,,,true,0,0,0,0
1449852339493,0,Threads Count,,11.0,,,true,0,0,0,0
1449852339494,0,Threads Busy,,9.0,,,true,0,0,0,0
1449852340497,0,Threads Count,,11.0,,,true,0,0,0,0
1449852340498,0,Threads Busy,,9.0,,,true,0,0,0,0
1449852341504,0,Threads Count,,11.0,,,true,0,0,0,0
1449852341506,0,Threads Busy,,9.0,,,true,0,0,0,0
1449852342509,0,Threads Count,,11.0,,,true,0,0,0,0
1449852342510,0,Threads Busy,,9.0,,,true,0,0,0,0
1449852343516,0,Threads Count,,11.0,,,true,0,0,0,0
1449852343516,0,Threads Busy,,9.0,,,true,0,0,0,0
1449852344520,0,Threads Count,,11.0,,,true,0,0,0,0
1449852344522,0,Threads Busy,,9.0,,,true,0,0,0,0
1449852345526,0,Threads Count,,11.0,,,true,0,0,0,0
1449852345527,0,Threads Busy,,9.0,,,true,0,0,0,0
1449852346531,0,Threads Count,,12.0,,,true,0,0,0,0
1449852346531,0,Threads Busy,,9.0,,,true,0,0,0,0
1449852347536,0,Threads Count,,12.0,,,true,0,0,0,0
1449852347537,0,Threads Busy,,9.0,,,true,0,0,0,0
1449852348543,0,Threads Count,,12.0,,,true,0,0,0,0
1449852348544,0,Threads Busy,,9.0,,,true,0,0,0,0
1449852349550,0,Threads Count,,12.0,,,true,0,0,0,0
1449852349551,0,Threads Busy,,9.0,,,true,0,0,0,0
1449852350558,0,Threads Count,,12.0,,,true,0,0,0,0
1449852350558,0,Threads Busy,,9.0,,,true,0,0,0,0
1449852351564,0,Threads Count,,12.0,,,true,0,0,0,0
1449852351565,0,Threads Busy,,9.0,,,true,0,0,0,0
1449852352572,0,Threads Count,,12.0,,,true,0,0,0,0
1449852352574,0,Threads Busy,,9.0,,,true,0,0,0,0
1449852353580,0,Threads Count,,12.0,,,true,0,0,0,0
1449852353581,0,Threads Busy,,9.0,,,true,0,0,0,0
1449854203841,0,Threads Count,,10.0,,,true,0,0,0,0
1449854203842,0,Threads Busy,,4.0,,,true,0,0,0,0
1449854204846,0,Threads Count,,10.0,,,true,0,0,0,0
1449854204848,0,Threads Busy,,5.0,,,true,0,0,0,0
1449854205852,0,Threads Count,,10.0,,,true,0,0,0,0
1449854205853,0,Threads Busy,,5.0,,,true,0,0,0,0
1449854206859,0,Threads Count,,10.0,,,true,0,0,0,0
1449854206860,0,Threads Busy,,5.0,,,true,0,0,0,0
1449854207866,0,Threads Count,,10.0,,,true,0,0,0,0
1449854207867,0,Threads Busy,,5.0,,,true,0,0,0,0
1449854208873,0,Threads Count,,10.0,,,true,0,0,0,0
1449854208874,0,Threads Busy,,5.0,,,true,0,0,0,0
1449854209880,0,Threads Count,,10.0,,,true,0,0,0,0
1449854209882,0,Threads Busy,,5.0,,,true,0,0,0,0
1449854210888,0,Threads Count,,10.0,,,true,0,0,0,0
1449854210889,0,Threads Busy,,5.0,,,true,0,0,0,0
1449854211895,0,Threads Count,,10.0,,,true,0,0,0,0
1449854211896,0,Threads Busy,,5.0,,,true,0,0,0,0
1449854212901,0,Threads Count,,10.0,,,true,0,0,0,0
1449854212902,0,Threads Busy,,5.0,,,true,0,0,0,0
1449854213908,0,Threads Count,,10.0,,,true,0,0,0,0
1449854213909,0,Threads Busy,,5.0,,,true,0,0,0,0
1449854214911,0,Threads Count,,10.0,,,true,0,0,0,0
1449854214912,0,Threads Busy,,5.0,,,true,0,0,0,0
1449854215918,0,Threads Count,,10.0,,,true,0,0,0,0
1449854215919,0,Threads Busy,,5.0,,,true,0,0,0,0
1449854216925,0,Threads Count,,10.0,,,true,0,0,0,0
1449854216925,0,Threads Busy,,5.0,,,true,0,0,0,0
1449854217931,0,Threads Count,,10.0,,,true,0,0,0,0
1449854217933,0,Threads Busy,,5.0,,,true,0,0,0,0
1449854218939,0,Threads Count,,10.0,,,true,0,0,0,0
1449854218940,0,Threads Busy,,5.0,,,true,0,0,0,0
1449854219942,0,Threads Count,,10.0,,,true,0,0,0,0
1449854219944,0,Threads Busy,,5.0,,,true,0,0,0,0
1449854220950,0,Threads Count,,10.0,,,true,0,0,0,0
1449854220951,0,Threads Busy,,6.0,,,true,0,0,0,0
1449854221956,0,Threads Count,,10.0,,,true,0,0,0,0
1449854221957,0,Threads Busy,,6.0,,,true,0,0,0,0
1449854222961,0,Threads Count,,10.0,,,true,0,0,0,0
1449854222962,0,Threads Busy,,6.0,,,true,0,0,0,0
1449854223968,0,Threads Count,,10.0,,,true,0,0,0,0
1449854223969,0,Threads Busy,,6.0,,,true,0,0,0,0
1449854224973,0,Threads Count,,10.0,,,true,0,0,0,0
1449854224974,0,Threads Busy,,6.0,,,true,0,0,0,0
1449854225976,0,Threads Count,,10.0,,,true,0,0,0,0
1449854225977,0,Threads Busy,,6.0,,,true,0,0,0,0
1449854226983,0,Threads Count,,10.0,,,true,0,0,0,0
1449854226984,0,Threads Busy,,6.0,,,true,0,0,0,0
1449854227987,0,Threads Count,,10.0,,,true,0,0,0,0
1449854227989,0,Threads Busy,,6.0,,,true,0,0,0,0
1449854228993,0,Threads Count,,10.0,,,true,0,0,0,0
1449854228994,0,Threads Busy,,6.0,,,true,0,0,0,0
1449854230000,0,Threads Count,,10.0,,,true,0,0,0,0
1449854230001,0,Threads Busy,,6.0,,,true,0,0,0,0
1449854231006,0,Threads Count,,10.0,,,true,0,0,0,0
1449854231007,0,Threads Busy,,6.0,,,true,0,0,0,0
1449854232013,0,Threads Count,,10.0,,,true,0,0,0,0
1449854232013,0,Threads Busy,,6.0,,,true,0,0,0,0
1449854233020,0,Threads Count,,10.0,,,true,0,0,0,0
1449854233021,0,Threads Busy,,6.0,,,true,0,0,0,0
1449854234026,0,Threads Count,,10.0,,,true,0,0,0,0
1449854234026,0,Threads Busy,,6.0,,,true,0,0,0,0
1449854235031,0,Threads Count,,10.0,,,true,0,0,0,0
1449854235032,0,Threads Busy,,6.0,,,true,0,0,0,0
1449854236037,0,Threads Count,,10.0,,,true,0,0,0,0
1449854236038,0,Threads Busy,,6.0,,,true,0,0,0,0
1449854237043,0,Threads Count,,10.0,,,true,0,0,0,0
1449854237044,0,Threads Busy,,6.0,,,true,0,0,0,0
1449854238050,0,Threads Count,,10.0,,,true,0,0,0,0
1449854238051,0,Threads Busy,,6.0,,,true,0,0,0,0
1449854239056,0,Threads Count,,10.0,,,true,0,0,0,0
1449854239057,0,Threads Busy,,6.0,,,true,0,0,0,0
1449854240063,0,Threads Count,,10.0,,,true,0,0,0,0
1449854240064,0,Threads Busy,,6.0,,,true,0,0,0,0
1449854241068,0,Threads Count,,10.0,,,true,0,0,0,0
1449854241069,0,Threads Busy,,6.0,,,true,0,0,0,0
1449854242075,0,Threads Count,,10.0,,,true,0,0,0,0
1449854242076,0,Threads Busy,,6.0,,,true,0,0,0,0
1449854243081,0,Threads Count,,10.0,,,true,0,0,0,0
1449854243082,0,Threads Busy,,6.0,,,true,0,0,0,0
1449854244087,0,Threads Count,,10.0,,,true,0,0,0,0
1449854244088,0,Threads Busy,,6.0,,,true,0,0,0,0
1449854245093,0,Threads Count,,10.0,,,true,0,0,0,0
1449854245094,0,Threads Busy,,6.0,,,true,0,0,0,0
1449854246099,0,Threads Count,,10.0,,,true,0,0,0,0
1449854246100,0,Threads Busy,,6.0,,,true,0,0,0,0
1449854247106,0,Threads Count,,10.0,,,true,0,0,0,0
1449854247107,0,Threads Busy,,6.0,,,true,0,0,0,0
1449854248112,0,Threads Count,,10.0,,,true,0,0,0,0
1449854248113,0,Threads Busy,,6.0,,,true,0,0,0,0
1449854249115,0,Threads Count,,10.0,,,true,0,0,0,0
1449854249116,0,Threads Busy,,6.0,,,true,0,0,0,0
1449854250122,0,Threads Count,,10.0,,,true,0,0,0,0
1449854250123,0,Threads Busy,,6.0,,,true,0,0,0,0
1449854251128,0,Threads Count,,10.0,,,true,0,0,0,0
1449854251130,0,Threads Busy,,6.0,,,true,0,0,0,0
1449854252135,0,Threads Count,,10.0,,,true,0,0,0,0
1449854252136,0,Threads Busy,,6.0,,,true,0,0,0,0
1449854253142,0,Threads Count,,10.0,,,true,0,0,0,0
1449854253143,0,Threads Busy,,6.0,,,true,0,0,0,0
1449854254150,0,Threads Count,,10.0,,,true,0,0,0,0
1449854254150,0,Threads Busy,,6.0,,,true,0,0,0,0
1449854255156,0,Threads Count,,10.0,,,true,0,0,0,0
1449854255157,0,Threads Busy,,6.0,,,true,0,0,0,0
1449854256163,0,Threads Count,,10.0,,,true,0,0,0,0
1449854256163,0,Threads Busy,,6.0,,,true,0,0,0,0
1449854257166,0,Threads Count,,10.0,,,true,0,0,0,0
1449854257167,0,Threads Busy,,6.0,,,true,0,0,0,0
1449854258171,0,Threads Count,,10.0,,,true,0,0,0,0
1449854258172,0,Threads Busy,,6.0,,,true,0,0,0,0
1449854259178,0,Threads Count,,10.0,,,true,0,0,0,0
1449854259179,0,Threads Busy,,6.0,,,true,0,0,0,0
1449854260184,0,Threads Count,,10.0,,,true,0,0,0,0
1449854260185,0,Threads Busy,,6.0,,,true,0,0,0,0
1449854261191,0,Threads Count,,10.0,,,true,0,0,0,0
1449854261192,0,Threads Busy,,6.0,,,true,0,0,0,0
1449854262196,0,Threads Count,,10.0,,,true,0,0,0,0
1449854262197,0,Threads Busy,,6.0,,,true,0,0,0,0
1449854263201,0,Threads Count,,10.0,,,true,0,0,0,0
1449854263202,0,Threads Busy,,6.0,,,true,0,0,0,0
1449854264206,0,Threads Count,,10.0,,,true,0,0,0,0
1449854264207,0,Threads Busy,,6.0,,,true,0,0,0,0
1449854265216,0,Threads Count,,10.0,,,true,0,0,0,0
1449854265216,0,Threads Busy,,6.0,,,true,0,0,0,0
1449854266222,0,Threads Count,,10.0,,,true,0,0,0,0
1449854266223,0,Threads Busy,,6.0,,,true,0,0,0,0
1449854267229,0,Threads Count,,10.0,,,true,0,0,0,0
1449854267230,0,Threads Busy,,6.0,,,true,0,0,0,0
1449854268236,0,Threads Count,,10.0,,,true,0,0,0,0
1449854268237,0,Threads Busy,,6.0,,,true,0,0,0,0
1449854269243,0,Threads Count,,10.0,,,true,0,0,0,0
1449854269250,0,Threads Busy,,6.0,,,true,0,0,0,0
1449854270256,0,Threads Count,,10.0,,,true,0,0,0,0
1449854270257,0,Threads Busy,,6.0,,,true,0,0,0,0
1449854315658,0,Threads Count,,10.0,,,true,0,0,0,0
1449854315659,0,Threads Busy,,6.0,,,true,0,0,0,0
1449854316666,0,Threads Count,,10.0,,,true,0,0,0,0
1449854316668,0,Threads Busy,,6.0,,,true,0,0,0,0
1449854317674,0,Threads Count,,10.0,,,true,0,0,0,0
1449854317675,0,Threads Busy,,6.0,,,true,0,0,0,0
1449854318682,0,Threads Count,,10.0,,,true,0,0,0,0
1449854318684,0,Threads Busy,,6.0,,,true,0,0,0,0
1449854319689,0,Threads Count,,10.0,,,true,0,0,0,0
1449854319691,0,Threads Busy,,6.0,,,true,0,0,0,0
1449854320696,0,Threads Count,,10.0,,,true,0,0,0,0
1449854320697,0,Threads Busy,,6.0,,,true,0,0,0,0
1449854321701,0,Threads Count,,10.0,,,true,0,0,0,0
1449854321701,0,Threads Busy,,6.0,,,true,0,0,0,0
1449854322706,0,Threads Count,,10.0,,,true,0,0,0,0
1449854322707,0,Threads Busy,,6.0,,,true,0,0,0,0
1449854323713,0,Threads Count,,10.0,,,true,0,0,0,0
1449854323714,0,Threads Busy,,6.0,,,true,0,0,0,0
1449854324717,0,Threads Count,,10.0,,,true,0,0,0,0
1449854324717,0,Threads Busy,,6.0,,,true,0,0,0,0
1449854325721,0,Threads Count,,10.0,,,true,0,0,0,0
1449854325721,0,Threads Busy,,6.0,,,true,0,0,0,0
1449854326727,0,Threads Count,,10.0,,,true,0,0,0,0
1449854326728,0,Threads Busy,,6.0,,,true,0,0,0,0
1449854327733,0,Threads Count,,10.0,,,true,0,0,0,0
1449854327734,0,Threads Busy,,6.0,,,true,0,0,0,0
1449854328738,0,Threads Count,,10.0,,,true,0,0,0,0
1449854328739,0,Threads Busy,,6.0,,,true,0,0,0,0
1449854329743,0,Threads Count,,10.0,,,true,0,0,0,0
1449854329744,0,Threads Busy,,6.0,,,true,0,0,0,0
1449854330751,0,Threads Count,,10.0,,,true,0,0,0,0
1449854330751,0,Threads Busy,,6.0,,,true,0,0,0,0
1449854331758,0,Threads Count,,10.0,,,true,0,0,0,0
1449854331759,0,Threads Busy,,6.0,,,true,0,0,0,0
1449854332764,0,Threads Count,,10.0,,,true,0,0,0,0
1449854332765,0,Threads Busy,,6.0,,,true,0,0,0,0
1449854333771,0,Threads Count,,10.0,,,true,0,0,0,0
1449854333772,0,Threads Busy,,6.0,,,true,0,0,0,0
1449854334776,0,Threads Count,,10.0,,,true,0,0,0,0
1449854334777,0,Threads Busy,,6.0,,,true,0,0,0,0
1449854335783,0,Threads Count,,10.0,,,true,0,0,0,0
1449854335784,0,Threads Busy,,6.0,,,true,0,0,0,0
1449854336791,0,Threads Count,,10.0,,,true,0,0,0,0
1449854336792,0,Threads Busy,,6.0,,,true,0,0,0,0
1449854337797,0,Threads Count,,10.0,,,true,0,0,0,0
1449854337798,0,Threads Busy,,6.0,,,true,0,0,0,0
1449854338803,0,Threads Count,,10.0,,,true,0,0,0,0
1449854338804,0,Threads Busy,,6.0,,,true,0,0,0,0
1449854339809,0,Threads Count,,10.0,,,true,0,0,0,0
1449854339810,0,Threads Busy,,6.0,,,true,0,0,0,0
1449854340816,0,Threads Count,,10.0,,,true,0,0,0,0
1449854340816,0,Threads Busy,,6.0,,,true,0,0,0,0
1449854341821,0,Threads Count,,10.0,,,true,0,0,0,0
1449854341822,0,Threads Busy,,6.0,,,true,0,0,0,0
1449854342829,0,Threads Count,,10.0,,,true,0,0,0,0
1449854342830,0,Threads Busy,,6.0,,,true,0,0,0,0
1449854343835,0,Threads Count,,10.0,,,true,0,0,0,0
1449854343836,0,Threads Busy,,6.0,,,true,0,0,0,0
1449854344841,0,Threads Count,,10.0,,,true,0,0,0,0
1449854344842,0,Threads Busy,,6.0,,,true,0,0,0,0
1449854345846,0,Threads Count,,10.0,,,true,0,0,0,0
1449854345847,0,Threads Busy,,6.0,,,true,0,0,0,0
1449854346854,0,Threads Count,,10.0,,,true,0,0,0,0
1449854346854,0,Threads Busy,,6.0,,,true,0,0,0,0
1449854347858,0,Threads Count,,10.0,,,true,0,0,0,0
1449854347859,0,Threads Busy,,6.0,,,true,0,0,0,0
1449854348863,0,Threads Count,,10.0,,,true,0,0,0,0
1449854348865,0,Threads Busy,,6.0,,,true,0,0,0,0
1449854349870,0,Threads Count,,10.0,,,true,0,0,0,0
1449854349872,0,Threads Busy,,6.0,,,true,0,0,0,0
1449854350876,0,Threads Count,,10.0,,,true,0,0,0,0
1449854350877,0,Threads Busy,,6.0,,,true,0,0,0,0
1449854351883,0,Threads Count,,10.0,,,true,0,0,0,0
1449854351883,0,Threads Busy,,6.0,,,true,0,0,0,0
1449854352889,0,Threads Count,,10.0,,,true,0,0,0,0
1449854352889,0,Threads Busy,,6.0,,,true,0,0,0,0
1449854353893,0,Threads Count,,10.0,,,true,0,0,0,0
1449854353894,0,Threads Busy,,6.0,,,true,0,0,0,0
1449854354900,0,Threads Count,,10.0,,,true,0,0,0,0
1449854354901,0,Threads Busy,,6.0,,,true,0,0,0,0
1449854355906,0,Threads Count,,10.0,,,true,0,0,0,0
1449854355908,0,Threads Busy,,6.0,,,true,0,0,0,0
1449854356914,0,Threads Count,,10.0,,,true,0,0,0,0
1449854356915,0,Threads Busy,,6.0,,,true,0,0,0,0
1449854357922,0,Threads Count,,10.0,,,true,0,0,0,0
1449854357923,0,Threads Busy,,6.0,,,true,0,0,0,0
1449854358927,0,Threads Count,,10.0,,,true,0,0,0,0
1449854358928,0,Threads Busy,,6.0,,,true,0,0,0,0
1449854359934,0,Threads Count,,10.0,,,true,0,0,0,0
1449854359935,0,Threads Busy,,6.0,,,true,0,0,0,0
1449854360938,0,Threads Count,,10.0,,,true,0,0,0,0
1449854360939,0,Threads Busy,,6.0,,,true,0,0,0,0
1449854361942,0,Threads Count,,10.0,,,true,0,0,0,0
1449854361943,0,Threads Busy,,6.0,,,true,0,0,0,0
1449854362949,0,Threads Count,,10.0,,,true,0,0,0,0
1449854362950,0,Threads Busy,,6.0,,,true,0,0,0,0
1449854363956,0,Threads Count,,10.0,,,true,0,0,0,0
1449854363957,0,Threads Busy,,6.0,,,true,0,0,0,0
1449854364960,0,Threads Count,,10.0,,,true,0,0,0,0
1449854364960,0,Threads Busy,,6.0,,,true,0,0,0,0
1449854365967,0,Threads Count,,10.0,,,true,0,0,0,0
1449854365967,0,Threads Busy,,6.0,,,true,0,0,0,0
1449854366973,0,Threads Count,,10.0,,,true,0,0,0,0
1449854366974,0,Threads Busy,,6.0,,,true,0,0,0,0
1449854367981,0,Threads Count,,10.0,,,true,0,0,0,0
1449854367981,0,Threads Busy,,6.0,,,true,0,0,0,0
1449854368987,0,Threads Count,,10.0,,,true,0,0,0,0
1449854368988,0,Threads Busy,,6.0,,,true,0,0,0,0
1449854369991,0,Threads Count,,10.0,,,true,0,0,0,0
1449854369991,0,Threads Busy,,6.0,,,true,0,0,0,0
1449854370998,0,Threads Count,,10.0,,,true,0,0,0,0
1449854371000,0,Threads Busy,,5.0,,,true,0,0,0,0
1449854372005,0,Threads Count,,10.0,,,true,0,0,0,0
1449854372006,0,Threads Busy,,5.0,,,true,0,0,0,0
1449854373011,0,Threads Count,,10.0,,,true,0,0,0,0
1449854373011,0,Threads Busy,,5.0,,,true,0,0,0,0
1449854374017,0,Threads Count,,10.0,,,true,0,0,0,0
1449854374018,0,Threads Busy,,5.0,,,true,0,0,0,0
1449854375020,0,Threads Count,,10.0,,,true,0,0,0,0
1449854375021,0,Threads Busy,,5.0,,,true,0,0,0,0
1449854376024,0,Threads Count,,10.0,,,true,0,0,0,0
1449854376025,0,Threads Busy,,5.0,,,true,0,0,0,0
1449854377032,0,Threads Count,,10.0,,,true,0,0,0,0
1449854377032,0,Threads Busy,,5.0,,,true,0,0,0,0
1449854378038,0,Threads Count,,10.0,,,true,0,0,0,0
1449854378039,0,Threads Busy,,5.0,,,true,0,0,0,0
1449854379044,0,Threads Count,,10.0,,,true,0,0,0,0
1449854379045,0,Threads Busy,,5.0,,,true,0,0,0,0
1449854380051,0,Threads Count,,10.0,,,true,0,0,0,0
1449854380052,0,Threads Busy,,5.0,,,true,0,0,0,0
1449854381059,0,Threads Count,,10.0,,,true,0,0,0,0
1449854381060,0,Threads Busy,,5.0,,,true,0,0,0,0
1449854382065,0,Threads Count,,10.0,,,true,0,0,0,0
1449854382066,0,Threads Busy,,5.0,,,true,0,0,0,0
1449854383067,0,Threads Count,,10.0,,,true,0,0,0,0
1449854383068,0,Threads Busy,,5.0,,,true,0,0,0,0
1449854765069,0,Threads Count,,10.0,,,true,0,0,0,0
1449854765071,0,Threads Busy,,4.0,,,true,0,0,0,0
1449854766075,0,Threads Count,,10.0,,,true,0,0,0,0
1449854766076,0,Threads Busy,,5.0,,,true,0,0,0,0
1449854767083,0,Threads Count,,10.0,,,true,0,0,0,0
1449854767083,0,Threads Busy,,5.0,,,true,0,0,0,0
1449854768089,0,Threads Count,,10.0,,,true,0,0,0,0
1449854768090,0,Threads Busy,,5.0,,,true,0,0,0,0
1449854769095,0,Threads Count,,10.0,,,true,0,0,0,0
1449854769097,0,Threads Busy,,5.0,,,true,0,0,0,0
1449854770102,0,Threads Count,,10.0,,,true,0,0,0,0
1449854770103,0,Threads Busy,,5.0,,,true,0,0,0,0
1449854771107,0,Threads Count,,10.0,,,true,0,0,0,0
1449854771108,0,Threads Busy,,5.0,,,true,0,0,0,0
1449854772112,0,Threads Count,,10.0,,,true,0,0,0,0
1449854772113,0,Threads Busy,,5.0,,,true,0,0,0,0
1449854773120,0,Threads Count,,10.0,,,true,0,0,0,0
1449854773121,0,Threads Busy,,5.0,,,true,0,0,0,0
1449854774123,0,Threads Count,,10.0,,,true,0,0,0,0
1449854774124,0,Threads Busy,,5.0,,,true,0,0,0,0
1449854775130,0,Threads Count,,10.0,,,true,0,0,0,0
1449854775131,0,Threads Busy,,6.0,,,true,0,0,0,0
1449854776136,0,Threads Count,,10.0,,,true,0,0,0,0
1449854776137,0,Threads Busy,,6.0,,,true,0,0,0,0
1449854777140,0,Threads Count,,10.0,,,true,0,0,0,0
1449854777141,0,Threads Busy,,6.0,,,true,0,0,0,0
1449854778147,0,Threads Count,,10.0,,,true,0,0,0,0
1449854778148,0,Threads Busy,,6.0,,,true,0,0,0,0
1449854779154,0,Threads Count,,10.0,,,true,0,0,0,0
1449854779154,0,Threads Busy,,6.0,,,true,0,0,0,0
1449854780159,0,Threads Count,,10.0,,,true,0,0,0,0
1449854780160,0,Threads Busy,,6.0,,,true,0,0,0,0
1449854781165,0,Threads Count,,10.0,,,true,0,0,0,0
1449854781167,0,Threads Busy,,6.0,,,true,0,0,0,0
1449854782172,0,Threads Count,,10.0,,,true,0,0,0,0
1449854782174,0,Threads Busy,,6.0,,,true,0,0,0,0
1449854783180,0,Threads Count,,10.0,,,true,0,0,0,0
1449854783180,0,Threads Busy,,6.0,,,true,0,0,0,0
1449854784186,0,Threads Count,,10.0,,,true,0,0,0,0
1449854784187,0,Threads Busy,,6.0,,,true,0,0,0,0
1449854785191,0,Threads Count,,10.0,,,true,0,0,0,0
1449854785192,0,Threads Busy,,6.0,,,true,0,0,0,0
1449854786198,0,Threads Count,,10.0,,,true,0,0,0,0
1449854786198,0,Threads Busy,,6.0,,,true,0,0,0,0
1449854787205,0,Threads Count,,10.0,,,true,0,0,0,0
1449854787205,0,Threads Busy,,6.0,,,true,0,0,0,0
1449854788207,0,Threads Count,,10.0,,,true,0,0,0,0
1449854788208,0,Threads Busy,,6.0,,,true,0,0,0,0
1449854789214,0,Threads Count,,10.0,,,true,0,0,0,0
1449854789216,0,Threads Busy,,6.0,,,true,0,0,0,0
1449854790222,0,Threads Count,,10.0,,,true,0,0,0,0
1449854790223,0,Threads Busy,,6.0,,,true,0,0,0,0
1449854791228,0,Threads Count,,10.0,,,true,0,0,0,0
1449854791228,0,Threads Busy,,6.0,,,true,0,0,0,0
1449854792235,0,Threads Count,,10.0,,,true,0,0,0,0
1449854792235,0,Threads Busy,,6.0,,,true,0,0,0,0
1449854793240,0,Threads Count,,10.0,,,true,0,0,0,0
1449854793241,0,Threads Busy,,6.0,,,true,0,0,0,0
1449854794246,0,Threads Count,,10.0,,,true,0,0,0,0
1449854794247,0,Threads Busy,,6.0,,,true,0,0,0,0
1449854795252,0,Threads Count,,10.0,,,true,0,0,0,0
1449854795253,0,Threads Busy,,6.0,,,true,0,0,0,0
1449854796255,0,Threads Count,,10.0,,,true,0,0,0,0
1449854796256,0,Threads Busy,,6.0,,,true,0,0,0,0
1449854797261,0,Threads Count,,10.0,,,true,0,0,0,0
1449854797262,0,Threads Busy,,6.0,,,true,0,0,0,0
1449854798267,0,Threads Count,,10.0,,,true,0,0,0,0
1449854798268,0,Threads Busy,,6.0,,,true,0,0,0,0
1449854799274,0,Threads Count,,10.0,,,true,0,0,0,0
1449854799275,0,Threads Busy,,6.0,,,true,0,0,0,0
1449854800279,0,Threads Count,,10.0,,,true,0,0,0,0
1449854800280,0,Threads Busy,,6.0,,,true,0,0,0,0
1449854801286,0,Threads Count,,10.0,,,true,0,0,0,0
1449854801287,0,Threads Busy,,6.0,,,true,0,0,0,0
1449854802293,0,Threads Count,,10.0,,,true,0,0,0,0
1449854802294,0,Threads Busy,,6.0,,,true,0,0,0,0
1449854803300,0,Threads Count,,10.0,,,true,0,0,0,0
1449854803300,0,Threads Busy,,6.0,,,true,0,0,0,0
1449854804307,0,Threads Count,,10.0,,,true,0,0,0,0
1449854804307,0,Threads Busy,,6.0,,,true,0,0,0,0
1449854805312,0,Threads Count,,10.0,,,true,0,0,0,0
1449854805312,0,Threads Busy,,6.0,,,true,0,0,0,0
1449854806318,0,Threads Count,,10.0,,,true,0,0,0,0
1449854806318,0,Threads Busy,,6.0,,,true,0,0,0,0
1449854807323,0,Threads Count,,10.0,,,true,0,0,0,0
1449854807323,0,Threads Busy,,6.0,,,true,0,0,0,0
1449854808327,0,Threads Count,,10.0,,,true,0,0,0,0
1449854808328,0,Threads Busy,,6.0,,,true,0,0,0,0
1449854809333,0,Threads Count,,10.0,,,true,0,0,0,0
1449854809334,0,Threads Busy,,6.0,,,true,0,0,0,0
1449854810339,0,Threads Count,,10.0,,,true,0,0,0,0
1449854810340,0,Threads Busy,,6.0,,,true,0,0,0,0
1449854811346,0,Threads Count,,10.0,,,true,0,0,0,0
1449854811347,0,Threads Busy,,6.0,,,true,0,0,0,0
1449854812350,0,Threads Count,,10.0,,,true,0,0,0,0
1449854812354,0,Threads Busy,,6.0,,,true,0,0,0,0
1449854813360,0,Threads Count,,10.0,,,true,0,0,0,0
1449854813361,0,Threads Busy,,6.0,,,true,0,0,0,0
1449854814367,0,Threads Count,,10.0,,,true,0,0,0,0
1449854814368,0,Threads Busy,,6.0,,,true,0,0,0,0
1449854815373,0,Threads Count,,10.0,,,true,0,0,0,0
1449854815374,0,Threads Busy,,6.0,,,true,0,0,0,0
1449854816378,0,Threads Count,,10.0,,,true,0,0,0,0
1449854816378,0,Threads Busy,,6.0,,,true,0,0,0,0
1449854817384,0,Threads Count,,10.0,,,true,0,0,0,0
1449854817385,0,Threads Busy,,6.0,,,true,0,0,0,0
1449854818391,0,Threads Count,,10.0,,,true,0,0,0,0
1449854818392,0,Threads Busy,,6.0,,,true,0,0,0,0
1449854819397,0,Threads Count,,10.0,,,true,0,0,0,0
1449854819397,0,Threads Busy,,6.0,,,true,0,0,0,0
1449854820403,0,Threads Count,,10.0,,,true,0,0,0,0
1449854820404,0,Threads Busy,,6.0,,,true,0,0,0,0
1449854821409,0,Threads Count,,10.0,,,true,0,0,0,0
1449854821410,0,Threads Busy,,6.0,,,true,0,0,0,0
1449854822414,0,Threads Count,,10.0,,,true,0,0,0,0
1449854822415,0,Threads Busy,,6.0,,,true,0,0,0,0
1449854823421,0,Threads Count,,10.0,,,true,0,0,0,0
1449854823421,0,Threads Busy,,6.0,,,true,0,0,0,0
1449854824427,0,Threads Count,,10.0,,,true,0,0,0,0
1449854824428,0,Threads Busy,,6.0,,,true,0,0,0,0
1449854825434,0,Threads Count,,10.0,,,true,0,0,0,0
1449854825434,0,Threads Busy,,6.0,,,true,0,0,0,0
1449854826440,0,Threads Count,,10.0,,,true,0,0,0,0
1449854826441,0,Threads Busy,,6.0,,,true,0,0,0,0
1449854827445,0,Threads Count,,10.0,,,true,0,0,0,0
1449854827446,0,Threads Busy,,6.0,,,true,0,0,0,0
1449854828452,0,Threads Count,,10.0,,,true,0,0,0,0
1449854828454,0,Threads Busy,,6.0,,,true,0,0,0,0
1449854829458,0,Threads Count,,10.0,,,true,0,0,0,0
1449854829459,0,Threads Busy,,6.0,,,true,0,0,0,0
1449854830465,0,Threads Count,,10.0,,,true,0,0,0,0
1449854830466,0,Threads Busy,,6.0,,,true,0,0,0,0
1449854831471,0,Threads Count,,10.0,,,true,0,0,0,0
1449854831472,0,Threads Busy,,6.0,,,true,0,0,0,0
1449854832478,0,Threads Count,,10.0,,,true,0,0,0,0
1449854832479,0,Threads Busy,,8.0,,,true,0,0,0,0
1449854833486,0,Threads Count,,10.0,,,true,0,0,0,0
1449854833487,0,Threads Busy,,8.0,,,true,0,0,0,0
1449854834494,0,Threads Count,,10.0,,,true,0,0,0,0
1449854834494,0,Threads Busy,,8.0,,,true,0,0,0,0
1449854835497,0,Threads Count,,11.0,,,true,0,0,0,0
1449854835498,0,Threads Busy,,8.0,,,true,0,0,0,0
1449854836504,0,Threads Count,,11.0,,,true,0,0,0,0
1449854836505,0,Threads Busy,,8.0,,,true,0,0,0,0
1449854837510,0,Threads Count,,11.0,,,true,0,0,0,0
1449854837512,0,Threads Busy,,8.0,,,true,0,0,0,0
1449854838516,0,Threads Count,,11.0,,,true,0,0,0,0
1449854838518,0,Threads Busy,,8.0,,,true,0,0,0,0
1449854839523,0,Threads Count,,11.0,,,true,0,0,0,0
1449854839524,0,Threads Busy,,8.0,,,true,0,0,0,0
1449854840530,0,Threads Count,,11.0,,,true,0,0,0,0
1449854840531,0,Threads Busy,,8.0,,,true,0,0,0,0
1449854841537,0,Threads Count,,11.0,,,true,0,0,0,0
1449854841539,0,Threads Busy,,8.0,,,true,0,0,0,0
1449854842544,0,Threads Count,,11.0,,,true,0,0,0,0
1449854842546,0,Threads Busy,,8.0,,,true,0,0,0,0
1449854843552,0,Threads Count,,11.0,,,true,0,0,0,0
1449854843553,0,Threads Busy,,8.0,,,true,0,0,0,0
1449854844556,0,Threads Count,,11.0,,,true,0,0,0,0
1449854844558,0,Threads Busy,,8.0,,,true,0,0,0,0
1449854845565,0,Threads Count,,11.0,,,true,0,0,0,0
1449854845566,0,Threads Busy,,8.0,,,true,0,0,0,0
1449854846570,0,Threads Count,,11.0,,,true,0,0,0,0
1449854846573,0,Threads Busy,,8.0,,,true,0,0,0,0
1449854847581,0,Threads Count,,11.0,,,true,0,0,0,0
1449854847582,0,Threads Busy,,8.0,,,true,0,0,0,0
1449854848588,0,Threads Count,,11.0,,,true,0,0,0,0
1449854848589,0,Threads Busy,,8.0,,,true,0,0,0,0
1449854849595,0,Threads Count,,11.0,,,true,0,0,0,0
1449854849597,0,Threads Busy,,8.0,,,true,0,0,0,0
1449854850603,0,Threads Count,,11.0,,,true,0,0,0,0
1449854850605,0,Threads Busy,,8.0,,,true,0,0,0,0
1449854851611,0,Threads Count,,11.0,,,true,0,0,0,0
1449854851611,0,Threads Busy,,8.0,,,true,0,0,0,0
1449854852618,0,Threads Count,,11.0,,,true,0,0,0,0
1449854852619,0,Threads Busy,,8.0,,,true,0,0,0,0
1449854853624,0,Threads Count,,11.0,,,true,0,0,0,0
1449854853625,0,Threads Busy,,8.0,,,true,0,0,0,0
1449854854632,0,Threads Count,,11.0,,,true,0,0,0,0
1449854854633,0,Threads Busy,,8.0,,,true,0,0,0,0
1449854855637,0,Threads Count,,11.0,,,true,0,0,0,0
1449854855639,0,Threads Busy,,8.0,,,true,0,0,0,0
1449854856645,0,Threads Count,,11.0,,,true,0,0,0,0
1449854856646,0,Threads Busy,,8.0,,,true,0,0,0,0
1449854857651,0,Threads Count,,11.0,,,true,0,0,0,0
1449854857652,0,Threads Busy,,8.0,,,true,0,0,0,0
1449854858654,0,Threads Count,,11.0,,,true,0,0,0,0
1449854858656,0,Threads Busy,,8.0,,,true,0,0,0,0
1449854859661,0,Threads Count,,11.0,,,true,0,0,0,0
1449854859662,0,Threads Busy,,8.0,,,true,0,0,0,0
1449854860668,0,Threads Count,,11.0,,,true,0,0,0,0
1449854860669,0,Threads Busy,,8.0,,,true,0,0,0,0
1449854861674,0,Threads Count,,11.0,,,true,0,0,0,0
1449854861676,0,Threads Busy,,8.0,,,true,0,0,0,0
1449854862681,0,Threads Count,,11.0,,,true,0,0,0,0
1449854862683,0,Threads Busy,,8.0,,,true,0,0,0,0
1449854863689,0,Threads Count,,11.0,,,true,0,0,0,0
1449854863691,0,Threads Busy,,8.0,,,true,0,0,0,0
1449854864697,0,Threads Count,,11.0,,,true,0,0,0,0
1449854864698,0,Threads Busy,,8.0,,,true,0,0,0,0
1449854865701,0,Threads Count,,11.0,,,true,0,0,0,0
1449854865702,0,Threads Busy,,8.0,,,true,0,0,0,0
1449854866706,0,Threads Count,,11.0,,,true,0,0,0,0
1449854866707,0,Threads Busy,,8.0,,,true,0,0,0,0
1449854867712,0,Threads Count,,11.0,,,true,0,0,0,0
1449854867713,0,Threads Busy,,8.0,,,true,0,0,0,0
1449854868718,0,Threads Count,,11.0,,,true,0,0,0,0
1449854868718,0,Threads Busy,,8.0,,,true,0,0,0,0
1449854869724,0,Threads Count,,11.0,,,true,0,0,0,0
1449854869725,0,Threads Busy,,8.0,,,true,0,0,0,0
1449854870732,0,Threads Count,,11.0,,,true,0,0,0,0
1449854870732,0,Threads Busy,,8.0,,,true,0,0,0,0
1449854871737,0,Threads Count,,11.0,,,true,0,0,0,0
1449854871738,0,Threads Busy,,8.0,,,true,0,0,0,0
1449854872742,0,Threads Count,,11.0,,,true,0,0,0,0
1449854872743,0,Threads Busy,,8.0,,,true,0,0,0,0
1449855114848,0,Threads Count,,11.0,,,true,0,0,0,0
1449855114848,0,Threads Busy,,5.0,,,true,0,0,0,0
1449855115859,0,Threads Count,,11.0,,,true,0,0,0,0
1449855115861,0,Threads Busy,,6.0,,,true,0,0,0,0
1449855116864,0,Threads Count,,11.0,,,true,0,0,0,0
1449855116866,0,Threads Busy,,6.0,,,true,0,0,0,0
1449855117872,0,Threads Count,,11.0,,,true,0,0,0,0
1449855117873,0,Threads Busy,,6.0,,,true,0,0,0,0
1449855118878,0,Threads Count,,11.0,,,true,0,0,0,0
1449855118878,0,Threads Busy,,6.0,,,true,0,0,0,0
1449855119883,0,Threads Count,,11.0,,,true,0,0,0,0
1449855119883,0,Threads Busy,,6.0,,,true,0,0,0,0
1449855120888,0,Threads Count,,11.0,,,true,0,0,0,0
1449855120889,0,Threads Busy,,6.0,,,true,0,0,0,0
1449855121895,0,Threads Count,,11.0,,,true,0,0,0,0
1449855121896,0,Threads Busy,,6.0,,,true,0,0,0,0
1449855122902,0,Threads Count,,11.0,,,true,0,0,0,0
1449855122904,0,Threads Busy,,6.0,,,true,0,0,0,0
1449855123909,0,Threads Count,,11.0,,,true,0,0,0,0
1449855123910,0,Threads Busy,,6.0,,,true,0,0,0,0
1449855124917,0,Threads Count,,11.0,,,true,0,0,0,0
1449855124918,0,Threads Busy,,6.0,,,true,0,0,0,0
1449855125923,0,Threads Count,,11.0,,,true,0,0,0,0
1449855125924,0,Threads Busy,,6.0,,,true,0,0,0,0
1449855126929,0,Threads Count,,11.0,,,true,0,0,0,0
1449855126930,0,Threads Busy,,6.0,,,true,0,0,0,0
1449855127936,0,Threads Count,,11.0,,,true,0,0,0,0
1449855127937,0,Threads Busy,,6.0,,,true,0,0,0,0
1449855128943,0,Threads Count,,11.0,,,true,0,0,0,0
1449855128944,0,Threads Busy,,6.0,,,true,0,0,0,0
1449855129950,0,Threads Count,,11.0,,,true,0,0,0,0
1449855129951,0,Threads Busy,,6.0,,,true,0,0,0,0
1449855130958,0,Threads Count,,11.0,,,true,0,0,0,0
1449855130959,0,Threads Busy,,6.0,,,true,0,0,0,0
1449855131964,0,Threads Count,,11.0,,,true,0,0,0,0
1449855131965,0,Threads Busy,,6.0,,,true,0,0,0,0
1449855132968,0,Threads Count,,11.0,,,true,0,0,0,0
1449855132969,0,Threads Busy,,6.0,,,true,0,0,0,0
1449855133975,0,Threads Count,,11.0,,,true,0,0,0,0
1449855133976,0,Threads Busy,,6.0,,,true,0,0,0,0
1449855134981,0,Threads Count,,11.0,,,true,0,0,0,0
1449855134982,0,Threads Busy,,6.0,,,true,0,0,0,0
1449855135987,0,Threads Count,,11.0,,,true,0,0,0,0
1449855135988,0,Threads Busy,,6.0,,,true,0,0,0,0
1449855136993,0,Threads Count,,11.0,,,true,0,0,0,0
1449855136993,0,Threads Busy,,6.0,,,true,0,0,0,0
1449855137996,0,Threads Count,,11.0,,,true,0,0,0,0
1449855137997,0,Threads Busy,,6.0,,,true,0,0,0,0
1449855139002,0,Threads Count,,11.0,,,true,0,0,0,0
1449855139004,0,Threads Busy,,6.0,,,true,0,0,0,0
1449855140007,0,Threads Count,,11.0,,,true,0,0,0,0
1449855140007,0,Threads Busy,,6.0,,,true,0,0,0,0
1449855141013,0,Threads Count,,11.0,,,true,0,0,0,0
1449855141013,0,Threads Busy,,6.0,,,true,0,0,0,0
1449855142019,0,Threads Count,,11.0,,,true,0,0,0,0
1449855142021,0,Threads Busy,,6.0,,,true,0,0,0,0
1449855143026,0,Threads Count,,11.0,,,true,0,0,0,0
1449855143027,0,Threads Busy,,6.0,,,true,0,0,0,0
1449855144033,0,Threads Count,,11.0,,,true,0,0,0,0
1449855144034,0,Threads Busy,,6.0,,,true,0,0,0,0
1449855145040,0,Threads Count,,11.0,,,true,0,0,0,0
1449855145041,0,Threads Busy,,6.0,,,true,0,0,0,0
1449855146046,0,Threads Count,,11.0,,,true,0,0,0,0
1449855146047,0,Threads Busy,,6.0,,,true,0,0,0,0
1449855147053,0,Threads Count,,11.0,,,true,0,0,0,0
1449855147054,0,Threads Busy,,6.0,,,true,0,0,0,0
1449855148060,0,Threads Count,,11.0,,,true,0,0,0,0
1449855148062,0,Threads Busy,,6.0,,,true,0,0,0,0
1449855149069,0,Threads Count,,11.0,,,true,0,0,0,0
1449855149070,0,Threads Busy,,6.0,,,true,0,0,0,0
1449855150077,0,Threads Count,,11.0,,,true,0,0,0,0
1449855150078,0,Threads Busy,,6.0,,,true,0,0,0,0
1449855151085,0,Threads Count,,11.0,,,true,0,0,0,0
1449855151086,0,Threads Busy,,6.0,,,true,0,0,0,0
1449855152090,0,Threads Count,,11.0,,,true,0,0,0,0
1449855152092,0,Threads Busy,,6.0,,,true,0,0,0,0
1449855153095,0,Threads Count,,11.0,,,true,0,0,0,0
1449855153096,0,Threads Busy,,6.0,,,true,0,0,0,0
1449855154101,0,Threads Count,,11.0,,,true,0,0,0,0
1449855154102,0,Threads Busy,,6.0,,,true,0,0,0,0
1449855155109,0,Threads Count,,11.0,,,true,0,0,0,0
1449855155110,0,Threads Busy,,6.0,,,true,0,0,0,0
1449855156116,0,Threads Count,,11.0,,,true,0,0,0,0
1449855156116,0,Threads Busy,,6.0,,,true,0,0,0,0
1449855157122,0,Threads Count,,11.0,,,true,0,0,0,0
1449855157123,0,Threads Busy,,6.0,,,true,0,0,0,0
1449855158128,0,Threads Count,,11.0,,,true,0,0,0,0
1449855158129,0,Threads Busy,,6.0,,,true,0,0,0,0
1449855159131,0,Threads Count,,11.0,,,true,0,0,0,0
1449855159132,0,Threads Busy,,6.0,,,true,0,0,0,0
1449855160137,0,Threads Count,,11.0,,,true,0,0,0,0
1449855160138,0,Threads Busy,,6.0,,,true,0,0,0,0
1449855161144,0,Threads Count,,11.0,,,true,0,0,0,0
1449855161146,0,Threads Busy,,6.0,,,true,0,0,0,0
1449855162150,0,Threads Count,,11.0,,,true,0,0,0,0
1449855162151,0,Threads Busy,,6.0,,,true,0,0,0,0
1449855163156,0,Threads Count,,11.0,,,true,0,0,0,0
1449855163157,0,Threads Busy,,6.0,,,true,0,0,0,0
1449855164163,0,Threads Count,,11.0,,,true,0,0,0,0
1449855164164,0,Threads Busy,,6.0,,,true,0,0,0,0
1449855165169,0,Threads Count,,11.0,,,true,0,0,0,0
1449855165171,0,Threads Busy,,6.0,,,true,0,0,0,0
1449855166176,0,Threads Count,,11.0,,,true,0,0,0,0
1449855166178,0,Threads Busy,,6.0,,,true,0,0,0,0
1449855167184,0,Threads Count,,11.0,,,true,0,0,0,0
1449855167185,0,Threads Busy,,6.0,,,true,0,0,0,0
1449855168189,0,Threads Count,,11.0,,,true,0,0,0,0
1449855168190,0,Threads Busy,,6.0,,,true,0,0,0,0
1449855169197,0,Threads Count,,11.0,,,true,0,0,0,0
1449855169197,0,Threads Busy,,6.0,,,true,0,0,0,0
1449855170199,0,Threads Count,,11.0,,,true,0,0,0,0
1449855170200,0,Threads Busy,,6.0,,,true,0,0,0,0
1449855171206,0,Threads Count,,11.0,,,true,0,0,0,0
1449855171207,0,Threads Busy,,6.0,,,true,0,0,0,0
1449855172212,0,Threads Count,,11.0,,,true,0,0,0,0
1449855172213,0,Threads Busy,,6.0,,,true,0,0,0,0
1449855173218,0,Threads Count,,11.0,,,true,0,0,0,0
1449855173219,0,Threads Busy,,6.0,,,true,0,0,0,0
1449855174225,0,Threads Count,,11.0,,,true,0,0,0,0
1449855174226,0,Threads Busy,,6.0,,,true,0,0,0,0
1449855175232,0,Threads Count,,11.0,,,true,0,0,0,0
1449855175233,0,Threads Busy,,6.0,,,true,0,0,0,0
1449855176239,0,Threads Count,,11.0,,,true,0,0,0,0
1449855176240,0,Threads Busy,,6.0,,,true,0,0,0,0
1449855177246,0,Threads Count,,11.0,,,true,0,0,0,0
1449855177247,0,Threads Busy,,6.0,,,true,0,0,0,0
1449855178253,0,Threads Count,,11.0,,,true,0,0,0,0
1449855178253,0,Threads Busy,,6.0,,,true,0,0,0,0
1449855179259,0,Threads Count,,11.0,,,true,0,0,0,0
1449855179259,0,Threads Busy,,6.0,,,true,0,0,0,0
1449855180266,0,Threads Count,,11.0,,,true,0,0,0,0
1449855180267,0,Threads Busy,,6.0,,,true,0,0,0,0
1449855181273,0,Threads Count,,11.0,,,true,0,0,0,0
1449855181274,0,Threads Busy,,8.0,,,true,0,0,0,0
1449855182280,0,Threads Count,,11.0,,,true,0,0,0,0
1449855182281,0,Threads Busy,,8.0,,,true,0,0,0,0
1449855183287,0,Threads Count,,11.0,,,true,0,0,0,0
1449855183288,0,Threads Busy,,8.0,,,true,0,0,0,0
1449855184294,0,Threads Count,,11.0,,,true,0,0,0,0
1449855184295,0,Threads Busy,,8.0,,,true,0,0,0,0
1449855185299,0,Threads Count,,11.0,,,true,0,0,0,0
1449855185300,0,Threads Busy,,8.0,,,true,0,0,0,0
1449855186307,0,Threads Count,,11.0,,,true,0,0,0,0
1449855186308,0,Threads Busy,,8.0,,,true,0,0,0,0
1449855187314,0,Threads Count,,11.0,,,true,0,0,0,0
1449855187315,0,Threads Busy,,8.0,,,true,0,0,0,0
1449855188318,0,Threads Count,,11.0,,,true,0,0,0,0
1449855188319,0,Threads Busy,,8.0,,,true,0,0,0,0
1449855189325,0,Threads Count,,11.0,,,true,0,0,0,0
1449855189325,0,Threads Busy,,8.0,,,true,0,0,0,0
1449855190328,0,Threads Count,,11.0,,,true,0,0,0,0
1449855190329,0,Threads Busy,,8.0,,,true,0,0,0,0
1449855191334,0,Threads Count,,11.0,,,true,0,0,0,0
1449855191335,0,Threads Busy,,8.0,,,true,0,0,0,0
1449855192337,0,Threads Count,,11.0,,,true,0,0,0,0
1449855192338,0,Threads Busy,,8.0,,,true,0,0,0,0
1449855193343,0,Threads Count,,11.0,,,true,0,0,0,0
1449855193344,0,Threads Busy,,8.0,,,true,0,0,0,0
1449855194349,0,Threads Count,,11.0,,,true,0,0,0,0
1449855194350,0,Threads Busy,,8.0,,,true,0,0,0,0
1449855195355,0,Threads Count,,11.0,,,true,0,0,0,0
1449855195356,0,Threads Busy,,8.0,,,true,0,0,0,0
1449855196362,0,Threads Count,,11.0,,,true,0,0,0,0
1449855196363,0,Threads Busy,,8.0,,,true,0,0,0,0
1449855197367,0,Threads Count,,11.0,,,true,0,0,0,0
1449855197368,0,Threads Busy,,8.0,,,true,0,0,0,0
1449855198372,0,Threads Count,,11.0,,,true,0,0,0,0
1449855198373,0,Threads Busy,,8.0,,,true,0,0,0,0
1449855199377,0,Threads Count,,11.0,,,true,0,0,0,0
1449855199378,0,Threads Busy,,8.0,,,true,0,0,0,0
1449855200384,0,Threads Count,,11.0,,,true,0,0,0,0
1449855200385,0,Threads Busy,,8.0,,,true,0,0,0,0
1449855201390,0,Threads Count,,11.0,,,true,0,0,0,0
1449855201390,0,Threads Busy,,8.0,,,true,0,0,0,0
1449855202397,0,Threads Count,,11.0,,,true,0,0,0,0
1449855202397,0,Threads Busy,,8.0,,,true,0,0,0,0
1449855203403,0,Threads Count,,11.0,,,true,0,0,0,0
1449855203404,0,Threads Busy,,8.0,,,true,0,0,0,0
1449855204410,0,Threads Count,,11.0,,,true,0,0,0,0
1449855204411,0,Threads Busy,,8.0,,,true,0,0,0,0
1449855205417,0,Threads Count,,11.0,,,true,0,0,0,0
1449855205417,0,Threads Busy,,8.0,,,true,0,0,0,0
1449855206422,0,Threads Count,,11.0,,,true,0,0,0,0
1449855206422,0,Threads Busy,,8.0,,,true,0,0,0,0
1449855207428,0,Threads Count,,11.0,,,true,0,0,0,0
1449855207429,0,Threads Busy,,8.0,,,true,0,0,0,0
1449855208435,0,Threads Count,,11.0,,,true,0,0,0,0
1449855208436,0,Threads Busy,,8.0,,,true,0,0,0,0
1449855209440,0,Threads Count,,11.0,,,true,0,0,0,0
1449855209441,0,Threads Busy,,8.0,,,true,0,0,0,0
1449855210445,0,Threads Count,,11.0,,,true,0,0,0,0
1449855210446,0,Threads Busy,,8.0,,,true,0,0,0,0
1449855211451,0,Threads Count,,11.0,,,true,0,0,0,0
1449855211452,0,Threads Busy,,8.0,,,true,0,0,0,0
1449855212457,0,Threads Count,,11.0,,,true,0,0,0,0
1449855212458,0,Threads Busy,,8.0,,,true,0,0,0,0
1449855213464,0,Threads Count,,11.0,,,true,0,0,0,0
1449855213465,0,Threads Busy,,8.0,,,true,0,0,0,0
1449855214472,0,Threads Count,,11.0,,,true,0,0,0,0
1449855214472,0,Threads Busy,,8.0,,,true,0,0,0,0
1449855215478,0,Threads Count,,11.0,,,true,0,0,0,0
1449855215478,0,Threads Busy,,8.0,,,true,0,0,0,0
1449855216484,0,Threads Count,,11.0,,,true,0,0,0,0
1449855216485,0,Threads Busy,,8.0,,,true,0,0,0,0
1449855217491,0,Threads Count,,11.0,,,true,0,0,0,0
1449855217492,0,Threads Busy,,8.0,,,true,0,0,0,0
