1450095612989,18,Print Test Started,200,OK,Test Started 1-1,text,true,0,1,1,0
1450095613157,4,Print Creating Users,200,OK,Create Users 2-1,text,true,0,1,1,0
1450095613321,643,Log in,200,OK,Create Users 2-1,text,true,57626,1,1,322
1450095613974,235,Admin Console,200,OK,Create Users 2-1,text,true,74523,1,1,233
1450095614214,9,authentication,200,OK,Create Users 2-1,text,true,371,1,1,9
1450095614228,54,Search For User,200,OK,Create Users 2-1,text,true,348,1,1,54
1450095614286,385,Create User,200,OK,Create Users 2-1,text,true,1027,1,1,385
1450095614672,38,Search For User,200,OK,Create Users 2-1,text,true,348,1,1,38
1450095614713,205,Create User,200,OK,Create Users 2-1,text,true,1027,1,1,205
1450095614919,31,Search For User,200,OK,Create Users 2-1,text,true,348,1,1,31
1450095614953,204,Create User,200,OK,Create Users 2-1,text,true,1027,1,1,204
1450095635164,1,Log out,Non HTTP response code: org.apache.http.NoHttpResponseException,Non HTTP response message: 192.168.101.234:8080 failed to respond,Create Users 2-1,text,false,2163,1,1,0
1450095641101,5,Print Test Loops Info,200,OK,For each user - Log in - Create Site - Upload Document - Searches - Log out 3-1,text,true,0,2,2,0
1450095643857,5,Print Test Loops Info,200,OK,For each user - Log in - Create Site - Upload Document - Searches - Log out 3-2,text,true,0,3,3,0
1450095641107,536,Log in,500,"Number of samples in transaction : 1, number of failing samples : 1",For each user - Log in - Create Site - Upload Document - Searches - Log out 3-1,,false,3029,3,3,0
1450095646547,3,Print Test Loops Info,200,OK,For each user - Log in - Create Site - Upload Document - Searches - Log out 3-3,text,true,0,3,3,0
1450095643863,2619,Log in,200,"Number of samples in transaction : 1, number of failing samples : 0",For each user - Log in - Create Site - Upload Document - Searches - Log out 3-2,,true,123546,3,3,0
1450095644895,31,Create Site,500,"Number of samples in transaction : 2, number of failing samples : 2",For each user - Log in - Create Site - Upload Document - Searches - Log out 3-1,,false,6052,3,3,0
1450095646550,2257,Log in,200,"Number of samples in transaction : 1, number of failing samples : 0",For each user - Log in - Create Site - Upload Document - Searches - Log out 3-3,,true,123546,3,3,0
1450095649384,2003,Create Site,200,"Number of samples in transaction : 2, number of failing samples : 0",For each user - Log in - Create Site - Upload Document - Searches - Log out 3-2,,true,236682,3,3,0
1450095652264,2080,Create Site,200,"Number of samples in transaction : 2, number of failing samples : 0",For each user - Log in - Create Site - Upload Document - Searches - Log out 3-3,,true,236685,3,3,0
1450095658308,1781,Go to Site Document Library,200,"Number of samples in transaction : 1, number of failing samples : 0",For each user - Log in - Create Site - Upload Document - Searches - Log out 3-2,,true,194569,3,3,0
1450095661517,1532,Go to Site Document Library,200,"Number of samples in transaction : 1, number of failing samples : 0",For each user - Log in - Create Site - Upload Document - Searches - Log out 3-3,,true,194569,3,3,0
1450095663685,1193,Upload Document to Site,200,"Number of samples in transaction : 1, number of failing samples : 0",For each user - Log in - Create Site - Upload Document - Searches - Log out 3-2,,true,203258,3,3,0
1450095665817,1293,Upload Document to Site,200,"Number of samples in transaction : 1, number of failing samples : 0",For each user - Log in - Create Site - Upload Document - Searches - Log out 3-3,,true,199248,3,3,0
1450095667888,1811,Go to Document Details Page,200,"Number of samples in transaction : 1, number of failing samples : 0",For each user - Log in - Create Site - Upload Document - Searches - Log out 3-2,,true,213465,3,3,0
1450095670138,2207,Go to Document Details Page,200,"Number of samples in transaction : 1, number of failing samples : 0",For each user - Log in - Create Site - Upload Document - Searches - Log out 3-3,,true,208451,3,3,0
1450095674556,154,Download document,200,"Number of samples in transaction : 1, number of failing samples : 0",For each user - Log in - Create Site - Upload Document - Searches - Log out 3-2,,true,250729,3,3,0
1450095674906,172,Download document,200,"Number of samples in transaction : 1, number of failing samples : 0",For each user - Log in - Create Site - Upload Document - Searches - Log out 3-3,,true,220745,3,3,0
1450095678023,202,Delete document,200,"Number of samples in transaction : 1, number of failing samples : 0",For each user - Log in - Create Site - Upload Document - Searches - Log out 3-3,,true,220745,3,3,0
1450095677529,294,Delete document,200,"Number of samples in transaction : 1, number of failing samples : 0",For each user - Log in - Create Site - Upload Document - Searches - Log out 3-2,,true,250729,3,3,0
1450095684288,60,Live Search,200,OK,For each user - Log in - Create Site - Upload Document - Searches - Log out 3-2,text,true,194584,3,3,0
1450095684756,180,Live Search,200,OK,For each user - Log in - Create Site - Upload Document - Searches - Log out 3-3,text,true,194485,3,3,0
1450095686055,1862,Faceted Search,200,OK,For each user - Log in - Create Site - Upload Document - Searches - Log out 3-2,text,true,233410,3,3,0
1450095680796,1922,Transaction Controller,200,"Number of samples in transaction : 2, number of failing samples : 0",For each user - Log in - Create Site - Upload Document - Searches - Log out 3-2,,true,427994,3,3,0
1450095688904,1981,Faceted Search,200,OK,For each user - Log in - Create Site - Upload Document - Searches - Log out 3-3,text,true,233410,3,3,0
1450095680665,2161,Transaction Controller,200,"Number of samples in transaction : 2, number of failing samples : 0",For each user - Log in - Create Site - Upload Document - Searches - Log out 3-3,,true,427895,3,3,0
1450095691347,57,Live Search,200,OK,For each user - Log in - Create Site - Upload Document - Searches - Log out 3-2,text,true,233410,3,3,0
1450095693886,61,Live Search,200,OK,For each user - Log in - Create Site - Upload Document - Searches - Log out 3-3,text,true,233410,3,3,0
1450095694026,58,Faceted Search,200,OK,For each user - Log in - Create Site - Upload Document - Searches - Log out 3-2,text,true,233594,3,3,0
1450095687998,115,Transaction Controller,200,"Number of samples in transaction : 2, number of failing samples : 0",For each user - Log in - Create Site - Upload Document - Searches - Log out 3-2,,true,467004,3,3,0
1450095697032,85,Live Search,200,OK,For each user - Log in - Create Site - Upload Document - Searches - Log out 3-2,text,true,233594,3,3,0
1450095697275,103,Faceted Search,200,OK,For each user - Log in - Create Site - Upload Document - Searches - Log out 3-3,text,true,233594,3,3,0
1450095690965,164,Transaction Controller,200,"Number of samples in transaction : 2, number of failing samples : 0",For each user - Log in - Create Site - Upload Document - Searches - Log out 3-3,,true,467004,3,3,0
1450095700073,66,Faceted Search,200,OK,For each user - Log in - Create Site - Upload Document - Searches - Log out 3-2,text,true,233594,3,3,0
1450095694188,151,Transaction Controller,200,"Number of samples in transaction : 2, number of failing samples : 0",For each user - Log in - Create Site - Upload Document - Searches - Log out 3-2,,true,467188,3,3,0
1450095701512,55,Live Search,200,OK,For each user - Log in - Create Site - Upload Document - Searches - Log out 3-3,text,true,233594,3,3,0
1450095703199,95,Faceted Search,200,OK,For each user - Log in - Create Site - Upload Document - Searches - Log out 3-3,text,true,233594,3,3,0
1450095697455,150,Transaction Controller,200,"Number of samples in transaction : 2, number of failing samples : 0",For each user - Log in - Create Site - Upload Document - Searches - Log out 3-3,,true,467188,3,3,0
1450095703459,73,Live Search,200,OK,For each user - Log in - Create Site - Upload Document - Searches - Log out 3-2,text,true,233594,3,3,0
1450095706541,58,Live Search,200,OK,For each user - Log in - Create Site - Upload Document - Searches - Log out 3-3,text,true,233594,3,3,0
1450095706830,124,Faceted Search,200,OK,For each user - Log in - Create Site - Upload Document - Searches - Log out 3-2,text,true,233594,3,3,0
1450095700221,197,Transaction Controller,200,"Number of samples in transaction : 2, number of failing samples : 0",For each user - Log in - Create Site - Upload Document - Searches - Log out 3-2,,true,467188,3,3,0
1450095709883,99,Faceted Search,200,OK,For each user - Log in - Create Site - Upload Document - Searches - Log out 3-3,text,true,233594,3,3,0
1450095703373,157,Transaction Controller,200,"Number of samples in transaction : 2, number of failing samples : 0",For each user - Log in - Create Site - Upload Document - Searches - Log out 3-3,,true,467188,3,3,0
1450095710222,55,Live Search,200,OK,For each user - Log in - Create Site - Upload Document - Searches - Log out 3-2,text,true,233594,3,3,0
1450095712585,60,Faceted Search,200,OK,For each user - Log in - Create Site - Upload Document - Searches - Log out 3-2,text,true,233594,3,3,0
1450095707034,115,Transaction Controller,200,"Number of samples in transaction : 2, number of failing samples : 0",For each user - Log in - Create Site - Upload Document - Searches - Log out 3-2,,true,467188,3,3,0
1450095713082,93,Live Search,200,OK,For each user - Log in - Create Site - Upload Document - Searches - Log out 3-3,text,true,233594,3,3,0
1450095715764,98,Faceted Search,200,OK,For each user - Log in - Create Site - Upload Document - Searches - Log out 3-3,text,true,233594,3,3,0
1450095710062,191,Transaction Controller,200,"Number of samples in transaction : 2, number of failing samples : 0",For each user - Log in - Create Site - Upload Document - Searches - Log out 3-3,,true,467188,3,3,0
1450095712725,192,Log out,200,"Number of samples in transaction : 2, number of failing samples : 0",For each user - Log in - Create Site - Upload Document - Searches - Log out 3-2,,true,273597,3,3,0
1450095715942,471,Log out,200,"Number of samples in transaction : 2, number of failing samples : 0",For each user - Log in - Create Site - Upload Document - Searches - Log out 3-3,,true,273880,2,2,0
